/*
 Navicat Premium Data Transfer

 Source Server         : mysql
 Source Server Type    : MySQL
 Source Server Version : 80016
 Source Host           : localhost:3306
 Source Schema         : lmall

 Target Server Type    : MySQL
 Target Server Version : 80016
 File Encoding         : 65001

 Date: 02/03/2020 16:40:49
*/

SET NAMES utf8mb4;
SET FOREIGN_KEY_CHECKS = 0;

-- ----------------------------
-- Table structure for category
-- ----------------------------
DROP TABLE IF EXISTS `category`;
CREATE TABLE `category`  (
  `id` int(11) NOT NULL AUTO_INCREMENT,
  `name` varchar(255) CHARACTER SET utf8 COLLATE utf8_general_ci NULL DEFAULT NULL,
  PRIMARY KEY (`id`) USING BTREE
) ENGINE = InnoDB AUTO_INCREMENT = 97 CHARACTER SET = utf8 COLLATE = utf8_general_ci ROW_FORMAT = Dynamic;

-- ----------------------------
-- Records of category
-- ----------------------------
INSERT INTO `category` VALUES (60, '安全座椅');
INSERT INTO `category` VALUES (64, '太阳镜');
INSERT INTO `category` VALUES (68, '品牌女装');
INSERT INTO `category` VALUES (69, '时尚男鞋');
INSERT INTO `category` VALUES (71, '男士西服');
INSERT INTO `category` VALUES (72, '男士手拿包 ');
INSERT INTO `category` VALUES (73, '男表');
INSERT INTO `category` VALUES (74, '女表');
INSERT INTO `category` VALUES (75, '空调');
INSERT INTO `category` VALUES (76, '冰箱');
INSERT INTO `category` VALUES (77, '原汁机');
INSERT INTO `category` VALUES (78, '扫地机器人 ');
INSERT INTO `category` VALUES (79, '平衡车');
INSERT INTO `category` VALUES (80, '电热水器');
INSERT INTO `category` VALUES (81, '沙发');
INSERT INTO `category` VALUES (82, '马桶');
INSERT INTO `category` VALUES (83, '平板电视');
INSERT INTO `category` VALUES (89, '嘿');
INSERT INTO `category` VALUES (90, '嘻嘻');
INSERT INTO `category` VALUES (97, '呀呀');

-- ----------------------------
-- Table structure for order_
-- ----------------------------
DROP TABLE IF EXISTS `order_`;
CREATE TABLE `order_`  (
  `id` int(11) NOT NULL AUTO_INCREMENT,
  `orderCode` varchar(255) CHARACTER SET utf8 COLLATE utf8_general_ci NULL DEFAULT NULL,
  `address` varchar(255) CHARACTER SET utf8 COLLATE utf8_general_ci NULL DEFAULT NULL,
  `post` varchar(255) CHARACTER SET utf8 COLLATE utf8_general_ci NULL DEFAULT NULL,
  `receiver` varchar(255) CHARACTER SET utf8 COLLATE utf8_general_ci NULL DEFAULT NULL,
  `mobile` varchar(255) CHARACTER SET utf8 COLLATE utf8_general_ci NULL DEFAULT NULL,
  `userMessage` varchar(255) CHARACTER SET utf8 COLLATE utf8_general_ci NULL DEFAULT NULL,
  `createDate` datetime(0) NULL DEFAULT NULL,
  `payDate` datetime(0) NULL DEFAULT NULL,
  `deliveryDate` datetime(0) NULL DEFAULT NULL,
  `confirmDate` datetime(0) NULL DEFAULT NULL,
  `uid` int(11) NULL DEFAULT NULL,
  `status` int(11) NULL DEFAULT NULL,
  PRIMARY KEY (`id`) USING BTREE,
  INDEX `fk_order_user`(`uid`) USING BTREE,
  CONSTRAINT `fk_order_user` FOREIGN KEY (`uid`) REFERENCES `user` (`id`) ON DELETE RESTRICT ON UPDATE CASCADE
) ENGINE = InnoDB AUTO_INCREMENT = 5 CHARACTER SET = utf8 COLLATE = utf8_general_ci ROW_FORMAT = Dynamic;

-- ----------------------------
-- Records of order_
-- ----------------------------
INSERT INTO `order_` VALUES (5, '202002182338389833789', '请求', '我', '我', '额', '方法', '2020-02-18 23:38:39', '2020-02-19 00:00:11', NULL, NULL, 8, 1);

-- ----------------------------
-- Table structure for orderitem
-- ----------------------------
DROP TABLE IF EXISTS `orderitem`;
CREATE TABLE `orderitem`  (
  `id` int(11) NOT NULL AUTO_INCREMENT,
  `pid` int(11) NULL DEFAULT NULL,
  `oid` int(11) NULL DEFAULT NULL,
  `uid` int(11) NULL DEFAULT NULL,
  `number` int(11) NULL DEFAULT NULL,
  PRIMARY KEY (`id`) USING BTREE,
  INDEX `fk_orderitem_user`(`uid`) USING BTREE,
  INDEX `fk_orderitem_product`(`pid`) USING BTREE,
  INDEX `fk_orderitem_order`(`oid`) USING BTREE,
  CONSTRAINT `fk_orderitem_order` FOREIGN KEY (`oid`) REFERENCES `order_` (`id`) ON DELETE CASCADE ON UPDATE CASCADE,
  CONSTRAINT `fk_orderitem_product` FOREIGN KEY (`pid`) REFERENCES `product` (`id`) ON DELETE SET NULL ON UPDATE CASCADE,
  CONSTRAINT `fk_orderitem_user` FOREIGN KEY (`uid`) REFERENCES `user` (`id`) ON DELETE RESTRICT ON UPDATE CASCADE
) ENGINE = InnoDB AUTO_INCREMENT = 18 CHARACTER SET = utf8 COLLATE = utf8_general_ci ROW_FORMAT = Dynamic;

-- ----------------------------
-- Records of orderitem
-- ----------------------------
INSERT INTO `orderitem` VALUES (18, 148, 5, 8, 1);

-- ----------------------------
-- Table structure for permission
-- ----------------------------
DROP TABLE IF EXISTS `permission`;
CREATE TABLE `permission`  (
  `id` int(11) NOT NULL AUTO_INCREMENT,
  `name` varchar(255) CHARACTER SET utf8mb4 COLLATE utf8mb4_general_ci NULL DEFAULT NULL,
  `url` varchar(255) CHARACTER SET utf8mb4 COLLATE utf8mb4_general_ci NULL DEFAULT NULL,
  PRIMARY KEY (`id`) USING BTREE
) ENGINE = InnoDB AUTO_INCREMENT = 22 CHARACTER SET = utf8mb4 COLLATE = utf8mb4_general_ci ROW_FORMAT = Dynamic;

-- ----------------------------
-- Records of permission
-- ----------------------------
INSERT INTO `permission` VALUES (12, '后台相关', '/admin_category_list');
INSERT INTO `permission` VALUES (13, '类目相关', '/admin_category_edit');
INSERT INTO `permission` VALUES (14, '订单相关', '/admin_order_list');
INSERT INTO `permission` VALUES (15, '产品列表', '/admin_product_list');
INSERT INTO `permission` VALUES (16, '产品编辑', '/admin_product_edit');
INSERT INTO `permission` VALUES (17, '图片相关', '/admin_productImage_list');
INSERT INTO `permission` VALUES (18, '查看属性', '/admin_property_list');
INSERT INTO `permission` VALUES (19, '属性值相关', '/admin_propertyValue_edit');
INSERT INTO `permission` VALUES (20, '用户相关', '/admin_user_list');
INSERT INTO `permission` VALUES (22, '属性设置', '/admin_property_edit');

-- ----------------------------
-- Table structure for product
-- ----------------------------
DROP TABLE IF EXISTS `product`;
CREATE TABLE `product`  (
  `id` int(11) NOT NULL AUTO_INCREMENT,
  `name` varchar(255) CHARACTER SET utf8 COLLATE utf8_general_ci NULL DEFAULT NULL,
  `subTitle` varchar(255) CHARACTER SET utf8 COLLATE utf8_general_ci NULL DEFAULT NULL,
  `originalPrice` decimal(10, 2) NULL DEFAULT NULL,
  `promotePrice` decimal(10, 2) NULL DEFAULT NULL,
  `stock` int(11) NULL DEFAULT NULL,
  `cid` int(11) NULL DEFAULT NULL,
  `createDate` datetime(0) NULL DEFAULT NULL,
  PRIMARY KEY (`id`) USING BTREE,
  INDEX `fk_product_category`(`cid`) USING BTREE,
  CONSTRAINT `fk_product_category` FOREIGN KEY (`cid`) REFERENCES `category` (`id`) ON DELETE RESTRICT ON UPDATE CASCADE
) ENGINE = InnoDB AUTO_INCREMENT = 972 CHARACTER SET = utf8 COLLATE = utf8_general_ci ROW_FORMAT = Dynamic;

-- ----------------------------
-- Records of product
-- ----------------------------
INSERT INTO `product` VALUES (87, 'Konka/康佳 LED32S1卧室32吋安卓智能无线WIFI网络液晶平板电视机', '32吋电视机 8核智能 网络 全国联保 送货上门', 1699.00, 1104.00, 98, 83, '2016-08-13 16:43:32');
INSERT INTO `product` VALUES (88, 'Hisense/海信 LED49EC320A 49吋led液晶电视机智能网络平板电视50', '新品特惠 十核智能 内置WiFi 咨询有惊喜', 2799.00, 1679.00, 90, 83, '2016-07-28 16:43:38');
INSERT INTO `product` VALUES (89, 'Hisense/海信 LED40EC520UA 40英寸4K智能平板液晶电视机WIFI网络', '周末 特惠 2189 元还送 精美礼品', 2399.00, 1439.00, 82, 83, '2016-07-28 16:44:18');
INSERT INTO `product` VALUES (90, 'Changhong/长虹 65S1安卓智能12核65英寸网络平板LED液晶电视机70', '屏大影院 高配12核 安卓智能', 4499.00, 3824.00, 84, 83, '2016-08-13 16:44:39');
INSERT INTO `product` VALUES (91, '夏普屏PANDA/熊猫 LE39D71S 39英寸智能WiFi液晶平板电视40 42 43', '', 2499.00, 1874.00, 75, 83, '2016-07-18 16:45:05');
INSERT INTO `product` VALUES (147, '乐洁士智能马桶高品质全自动遥控感应一体式智能坐便器座便器', '全国联保 清洗烘干 气泡按摩 座圈加热 断电冲水', 8960.00, 8512.00, 62, 82, '2016-08-15 00:37:21');
INSERT INTO `product` VALUES (148, '箭牌马桶/ARROW AB1118脲醛盖板连体喷射虹吸式坐便器座便器正品', '领券更优惠 品质脲醛盖 千城送装 送安装配件', 1976.00, 1482.00, 65, 82, '2016-07-29 00:37:23');
INSERT INTO `product` VALUES (149, '纳蒂兰卡1066卫浴漩冲虹吸式马桶350坑距坐便器可配智能盖座便器', '盖板易拆 送全套配件 500区县 送货入户安装', 1670.00, 1503.00, 93, 82, '2016-07-20 00:37:25');
INSERT INTO `product` VALUES (150, '德国DGPOSY超漩式彩色马桶缓降坐便器静音节水抽水马桶连体座便器', '纳米自洁釉 漩涡排污 静音节水 净重50kg', 2399.00, 1799.00, 79, 82, '2016-07-31 00:37:27');
INSERT INTO `product` VALUES (151, '纳蒂兰卡 1082卫浴洁具 钻石切边 坐便器 虹吸式抽水马桶 座便器', '高性价比 造型新颖 钻石品质 时尚尊贵 好评如潮', 1900.00, 1710.00, 64, 82, '2016-08-03 00:37:29');
INSERT INTO `product` VALUES (202, '新款布艺沙发 可拆洗大小户型客厅简约家居贵妃组合L型转角布沙发', '', 5198.00, 3639.00, 94, 81, '2016-08-20 00:45:28');
INSERT INTO `product` VALUES (203, '凯米蒂亚欧式真皮沙发组合客厅奢华转角皮艺蓝色沙发美式实木家具', '匠心独运 欧式美式设计 头层真皮 三包到家', 18398.00, 11039.00, 25, 81, '2016-08-19 00:45:32');
INSERT INTO `product` VALUES (204, '南台布艺沙发组合可拆洗简约现代客厅整装家具布艺沙发组合大户型', '16CM坐垫 16CM坐垫 重要的 事情 说三遍', 6576.00, 4274.00, 60, 81, '2016-08-16 00:45:36');
INSERT INTO `product` VALUES (205, '依然美佳欧式布艺沙发组合可拆洗新款实木雕花大户型奢华别墅家具', '高档户型客厅 精湛雕花工艺 实木框架 经典款式', 10012.00, 7008.00, 51, 81, '2016-08-08 00:45:39');
INSERT INTO `product` VALUES (206, '雅居汇欧式沙发组合实木雕花客厅高档奢华大户型住宅家具布艺沙发', '热卖推荐 端庄大气 四色可选 五年质保 品质服务', 32450.00, 22715.00, 51, 81, '2016-08-02 00:45:44');
INSERT INTO `product` VALUES (262, 'Vatti/华帝 DDF60-i14007 60升遥控电储水式电热水器家用速热洗澡', '热水器狂欢 专享特价 送货入户 免费安装', 2399.00, 1439.00, 80, 80, '2016-08-01 00:52:47');
INSERT INTO `product` VALUES (263, 'Haier/海尔 EC6005-T+  60升电热水器  洗澡淋浴 防电墙 送装同步', '3D速热 即用即洗 遥控智能控制 预约洗', 1999.00, 1299.00, 37, 80, '2016-08-10 00:52:49');
INSERT INTO `product` VALUES (264, '哆啦A梦weber I2-80 威博电热水器80升储水式智能速热洗澡淋浴60', '阿里智能 每天限送 20份大礼包 全国联保 包邮', 1799.00, 1079.00, 79, 80, '2016-08-10 00:52:52');
INSERT INTO `product` VALUES (265, 'Vanward/万和 DSCF50-C32双盾电热水器速热联保安装 洗澡 50L省电', '搪瓷超强内胆 高效节能 迅电速热 双盾保护', 999.00, 699.00, 17, 80, '2016-07-31 00:52:54');
INSERT INTO `product` VALUES (266, 'Haier/海尔 EC8003-I/80升洗澡淋浴/储热电热水器防电墙/送货入户', '机控遥控 一级节能 自动关机 触摸智能控制', 1799.00, 1169.00, 71, 80, '2016-07-14 00:52:56');
INSERT INTO `product` VALUES (317, '乐行天下R1N智能电动平衡车双轮成人思维体感车两轮儿童代步车', '12期免息 智能显示屏 APP遥控 双轮平衡', 15960.00, 11970.00, 15, 79, '2016-07-09 00:59:24');
INSERT INTO `product` VALUES (318, '乐途智能电动悬浮滑板车太空轮平行车蓝牙自平衡独轮代步车', '电动平衡 独轮滑板 蓝牙播放 新潮代步车', 3885.00, 3691.00, 70, 79, '2016-07-08 00:59:25');
INSERT INTO `product` VALUES (319, '瑞士米高micro g-bike+ chopper儿童平衡车二轮自行车', '', 899.00, 809.00, 13, 79, '2016-07-12 00:59:27');
INSERT INTO `product` VALUES (320, '力达康成人电动滑板车折叠锂电池迷你型可折叠两轮代步车', '可折叠 退货赔运费 续航50 公里更轻更远', 4160.00, 2912.00, 82, 79, '2016-08-19 00:59:28');
INSERT INTO `product` VALUES (321, '两轮平衡车双轮儿童思维漂移电动扭扭车智能滑板车成人体感代步车', '', 889.00, 756.00, 64, 79, '2016-08-09 00:59:29');
INSERT INTO `product` VALUES (373, '洁霸BF522多功能洗地机刷地机酒店家用地毯清洗机 擦地机抛光机', '纯铜电机 厂家直销 售后无忧', 1900.00, 1235.00, 39, 78, '2016-07-21 01:06:32');
INSERT INTO `product` VALUES (374, 'Proscenic Swan天鹅扫地机器人 智能家用擦地机拖地全自动吸尘器', '非常夏日 直降300元 WIFI智控 卷吸互换', 6580.00, 4935.00, 65, 78, '2016-07-08 01:06:34');
INSERT INTO `product` VALUES (375, '海尔拖地机器人家用全自动擦地机湿拖扫洗地电动智能懒人无线超薄', '仿人跪式 干湿两拖 自动充电 精准导航 规划清洁', 3999.00, 2999.00, 30, 78, '2016-07-21 01:06:37');
INSERT INTO `product` VALUES (376, '莱克扫地吸尘器 家用超薄拖地机器人WR10智能静音全自动', '新品上市 3000pa 大吸力 无惧毛发缠绕', 1299.00, 974.00, 11, 78, '2016-07-18 01:06:39');
INSERT INTO `product` VALUES (377, '公众智能扫地机器人家用全自动电动清洁地毯擦拖地一体机吸尘器', '扫拖一体 纤薄高效锂电 限时疯抢 不缠毛发', 2499.00, 2124.00, 88, 78, '2016-07-19 01:06:41');
INSERT INTO `product` VALUES (429, 'Philips/飞利浦榨汁机原汁家用HR1884多功能水果冰淇淋机慢汁机', '', 2899.00, 1884.00, 40, 77, '2016-07-14 01:14:03');
INSERT INTO `product` VALUES (430, 'Whirlpool/惠而浦WJU-VP152B原汁机多功能家用大口径料理榨果汁机', '整投整榨 原汁无氧化 纯铜电机 三挡压榨', 1099.00, 824.00, 22, 77, '2016-08-24 01:14:05');
INSERT INTO `product` VALUES (431, 'Ranbem/瑞本611原汁机大口径低慢速榨汁家用水果汁迷你豆浆机电动', '新款上市 96mm口径 45慢磨转速 出汁率高', 2680.00, 2278.00, 35, 77, '2016-07-21 01:14:08');
INSERT INTO `product` VALUES (432, 'AUX/奥克斯 AUX-Y3802原汁机低速 慢磨水果榨汁机果汁机', '', 999.00, 799.00, 50, 77, '2016-07-15 01:14:12');
INSERT INTO `product` VALUES (433, '惠而浦WJU-VS208J原汁机家用慢榨多功能榨汁机果汁机豆浆机炸汁机', '大功率慢榨 浓度调节 噪音小 易清洗 快捷清洗', 1499.00, 1124.00, 35, 77, '2016-08-12 01:14:14');
INSERT INTO `product` VALUES (449, 'MeiLing/美菱 BCD-560WUCX对开门电冰箱家用冰箱WIFI智能风冷无霜', '家用冰箱 WIFI智能 风冷无霜', 3399.00, 3059.00, 54, 76, '2016-08-14 01:19:59');
INSERT INTO `product` VALUES (450, 'FRESTECH/新飞 BCD-286WDKSM阿里云智能wifi风冷无霜智控两门冰箱', '阿里云智能 远程WIFI 智控 风冷无霜', 3599.00, 2879.00, 68, 76, '2016-08-05 01:20:00');
INSERT INTO `product` VALUES (451, 'Konka/康佳 BCD-558WEGY5SWT对开冰箱家用一级节能风冷无霜电冰箱', '阿里云智能 风冷无霜 大容量 一级能效节能', 3000.00, 1800.00, 74, 76, '2016-07-24 01:20:03');
INSERT INTO `product` VALUES (452, '【阿里智能】Galanz/格兰仕 BCD-251WTHG(T) 三门电冰箱251升风冷', '风冷无霜 一级能效 智能控温 菱格面板 立体风', 3299.00, 2474.00, 63, 76, '2016-07-27 01:20:05');
INSERT INTO `product` VALUES (453, 'Haier/海尔 BCD-618WDVGU1海尔变频对开门风冷智能控温双门电冰箱', '手机智能控制 玫瑰金外观 杀菌净味系统 变频', 6999.00, 5949.00, 22, 76, '2016-08-11 01:20:07');
INSERT INTO `product` VALUES (509, 'AUX/奥克斯 KFR-26GW/BpTYC19+1大1匹高端智能云变频冷暖挂机空调', '30秒速冷 一级能效 ECO节能 阿里智能 除湿', 3799.00, 2659.00, 15, 75, '2016-08-01 01:27:18');
INSERT INTO `product` VALUES (510, 'Kelon/科龙 KFR-26GW/EFQRA2(1N20) 大1匹二级变频智能冷暖挂机', '二级变频 阿里智能 高效除甲醛 快速制冷暖', 2599.00, 1559.00, 78, 75, '2016-08-08 01:27:20');
INSERT INTO `product` VALUES (511, 'TCL KFRd-35GW/EP13 大1.5匹冷暖电辅空调1.5P挂机定频壁挂式包邮', '快速冷暖 四重静音 每日前5名 好礼2选1', 2399.00, 1679.00, 64, 75, '2016-07-21 01:27:22');
INSERT INTO `product` VALUES (512, 'Panasonic/松下 KFR-36GW/BpSJ1S大1.5匹直流变频冷暖挂式空调', '原装变频压缩 机静音除雾霾 送货入户 0元分期', 3999.00, 3599.00, 59, 75, '2016-07-16 01:27:25');
INSERT INTO `product` VALUES (513, 'Panasonic/松下 KFR-36GW/SH2-1大1.5匹二级能效静音空调挂机', '原装压缩机 品质保证 二级能效', 3399.00, 3059.00, 71, 75, '2016-07-12 01:27:27');
INSERT INTO `product` VALUES (565, '正品雷克斯韩版简约时尚潮流真皮石英情侣表女士手表女表皮带防水', '时尚之选 做精致女人 精美包装 支持货到付款', 1280.00, 896.00, 82, 74, '2016-08-22 01:34:54');
INSERT INTO `product` VALUES (566, '正港手表女四叶草防水手链表简约潮流学生女表韩版时尚石英表正品', '热销万只 4.9分好评 代写贺卡 质保一年', 144.00, 115.00, 23, 74, '2016-08-25 01:34:57');
INSERT INTO `product` VALUES (567, '罗宾 钢带女表 女士腕表 水钻夜光防水石英表 潮流时尚复古手表女', '正品 水钻刻度 钢带女表 买一送三 赠送运费险', 990.00, 792.00, 54, 74, '2016-07-11 01:34:59');
INSERT INTO `product` VALUES (568, '浪铂正品长方形手表女表皮带时尚潮流石英表防水真皮学生休闲腕表', '今日拍下 自动减30 送真皮表带 石榴石手链', 998.00, 599.00, 81, 74, '2016-07-26 01:35:02');
INSERT INTO `product` VALUES (569, '宾格手表正品女式精钢腕表大表盘全自动机械表防水情侣表女表真皮', '陈小春代言 宾格正品 情侣手表 同款还有男表', 488.00, 342.00, 16, 74, '2016-07-19 01:35:05');
INSERT INTO `product` VALUES (620, '依伦新款超薄手表 男表真皮带休闲时尚男士腕表潮流防水石英表', '简约两针 深度防水 进口机芯 送真皮表带 运费险', 1280.00, 1024.00, 64, 73, '2016-08-11 01:42:48');
INSERT INTO `product` VALUES (621, '【入门】西铁城CITIZEN新品超值体验机械手表男表NH8350-59AB/EB', '全国联保 3期0利息 大气简约 新品', 1700.00, 1445.00, 60, 73, '2016-08-13 01:42:51');
INSERT INTO `product` VALUES (622, '正品手表男精钢商务休闲男士手表石英表时尚潮流夜光超薄男表防水', '机构质检 防水夜光 赠送皮表带 特价抢购', 699.00, 489.00, 34, 73, '2016-08-25 01:42:54');
INSERT INTO `product` VALUES (623, '正品名仕爵手表男机械表夜光精钢防水大表盘 全自动时尚潮流男表', '终身保修 正品 全自动 机械表 镂空机械表', 1900.00, 1140.00, 85, 73, '2016-08-25 01:42:57');
INSERT INTO `product` VALUES (624, '飞克手表 男表皮带手表 防水商务休闲男士手表 腕表 石英表手表', '正品进口机芯 蓝宝石镜面 指针星期显示', 1999.00, 1199.00, 82, 73, '2016-08-05 01:43:00');
INSERT INTO `product` VALUES (673, '劳迪莱斯男士手包休闲手拿包牛皮大容量钱包男包软面小包包手抓包', '牛皮手包 耐磨耐用 多卡位设计', 185.00, 157.00, 24, 72, '2016-07-21 01:50:46');
INSERT INTO `product` VALUES (674, '英伦邦纹男士手包牛皮大容量真皮手拿包手抓包双拉链商务正品软皮', '意大利牛皮 纹路自然漂亮 更耐用更尊贵 手感棒', 588.00, 412.00, 42, 72, '2016-08-23 01:50:48');
INSERT INTO `product` VALUES (675, '唯美诺新款男士手包男包真皮大容量小羊皮手拿包信封包软皮夹包潮', '优质羊皮 大容量 品牌做工 超软手感 终身包保修', 498.00, 448.00, 84, 72, '2016-07-30 01:50:52');
INSERT INTO `product` VALUES (676, '宾度 男士手包真皮大容量手拿包牛皮个性潮男包手抓包软皮信封包', '专注品质领卷 顺丰包邮 头层牛皮 大容量 软皮', 568.00, 511.00, 79, 72, '2016-08-04 01:50:54');
INSERT INTO `product` VALUES (677, 'MAXFEEL休闲男士手包真皮手拿包大容量信封包手抓包夹包软韩版潮', '无理由退换货 赠退货运费险', 888.00, 799.00, 98, 72, '2016-07-21 01:50:58');
INSERT INTO `product` VALUES (729, '【新】罗蒙羊毛西服套装男修身商务职业装2016年秋季新款#1S51126', '', 2199.00, 1759.00, 96, 71, '2016-08-04 01:57:55');
INSERT INTO `product` VALUES (730, '男士西服套装修身英伦竖条纹休闲西装男套装三件套新郎结婚礼服春', '今赠马甲衬衫 精致竖条纹 奢华品质 精细做工', 729.00, 437.00, 30, 71, '2016-07-20 01:57:57');
INSERT INTO `product` VALUES (731, '西服套装男夏季新郎结婚礼服三件套伴郎服薄款西服大码西装男套装', '亮眼帅气 优雅休闲 格调气质 时尚格子 结婚首选', 1988.00, 1491.00, 10, 71, '2016-08-10 01:57:59');
INSERT INTO `product` VALUES (732, '三件套Actionmates新款韩版修身休闲格子西服套装男士小西装礼服', '韩国进口面料 韩版立体裁剪 版型好 送领结领带', 799.00, 479.00, 56, 71, '2016-07-16 01:58:02');
INSERT INTO `product` VALUES (733, 'Action mates韩版修身男士西服套装发型师休闲小西装结婚礼服潮', '包邮申通 韩版修身 版型好 不容错过', 699.00, 419.00, 79, 71, '2016-07-07 01:58:04');
INSERT INTO `product` VALUES (784, 'DOGEXI透气真皮男鞋子雕花男士休闲鞋反绒皮英伦低帮板鞋男潮鞋秋', '牛皮鞋面 猪皮内里 标准运动鞋码', 289.00, 202.00, 21, 69, '2016-08-13 02:06:10');
INSERT INTO `product` VALUES (785, '花花公子男鞋夏季小白鞋男士休闲鞋白鞋板鞋白色平底百搭鞋子男潮', '天猫正品 百搭小白鞋 顺丰包邮', 330.00, 314.00, 44, 69, '2016-08-20 02:06:14');
INSERT INTO `product` VALUES (786, '花花公子皮鞋男士商务休闲男鞋夏季英伦真皮系带休闲鞋男板鞋子', '高端大气 商务休闲 时尚潮流 全国包邮 赠运费险', 368.00, 294.00, 23, 69, '2016-08-11 02:06:17');
INSERT INTO `product` VALUES (787, '酷队秋季运动鞋情侣鞋跑步鞋潮男鞋子透气休闲鞋飞织低帮潮鞋系带', '', 328.00, 230.00, 73, 69, '2016-08-04 02:06:20');
INSERT INTO `product` VALUES (788, '木林森夏季男鞋休闲鞋男英伦真皮男士休闲皮鞋圆头系带青年潮鞋子', '头层牛皮 时尚休闲 韩版潮流 型男必备', 326.00, 293.00, 96, 69, '2016-08-17 02:06:24');
INSERT INTO `product` VALUES (844, '拉夏贝尔puella普埃拉2016休闲修身五分袖一字领收腰套装20007986', '', 369.00, 351.00, 71, 68, '2016-08-14 02:13:28');
INSERT INTO `product` VALUES (845, '拉夏贝尔 7m莫丽菲尔2016秋新款条纹五分袖连衣裙套装女70006522', '8月3日 新品', 399.00, 299.00, 79, 68, '2016-07-10 02:13:30');
INSERT INTO `product` VALUES (846, '女巫2016欧洲站夏季新品欧美时尚绣花衬衣上衣九分裤两件套装高端', '女巫高端定制 欧美时尚 两件套', 928.00, 835.00, 29, 68, '2016-08-10 02:13:32');
INSERT INTO `product` VALUES (847, '妖精的口袋P360度漂浮秋装欧美半身裙短款外套时尚套装女两件套', '口袋特殊材质 拼接 品质扣子 水洗色 套装', 399.00, 319.00, 73, 68, '2016-08-18 02:13:35');
INSERT INTO `product` VALUES (848, '妖精的口袋P几枚礼物秋装甜美连帽短外套印花休闲裤时尚套装女', '帽里撞色 植绒抽绳装饰 质感吊钟 图案印花 套装', 339.00, 322.00, 87, 68, '2016-08-15 02:13:37');
INSERT INTO `product` VALUES (899, '新款男士偏光太阳镜日夜两用墨镜潮运动开车专用驾驶偏光镜夜视镜', '时尚新款 铝镁纤维镜架 科技动感', 580.00, 551.00, 91, 64, '2016-08-06 02:21:07');
INSERT INTO `product` VALUES (900, '变色眼镜男女款半框太阳镜大框潮流防辐射防紫外防蓝光近视镜护目', '', 200.00, 170.00, 77, 64, '2016-07-27 02:21:10');
INSERT INTO `product` VALUES (901, '帕莎Prsr太阳镜女偏光镜潮范冰冰同款女士眼镜可配近视墨镜T60017', '镜片 防紫外线 超轻材质 记忆材质', 780.00, 624.00, 86, 64, '2016-08-16 02:21:13');
INSERT INTO `product` VALUES (902, '陌森太阳眼镜男女2016偏光定制驾驶近视墨镜有带度数的莫森MS8006', '加拍镜片可配 近视： 原装无度数！ 顺丰包邮', 798.00, 519.00, 45, 64, '2016-08-03 02:21:17');
INSERT INTO `product` VALUES (903, '好先生同款墨镜孙红雷偏光男士太阳镜韩明星女款圆脸方框金属近视', '偏光 圆脸 方框', 150.00, 98.00, 84, 64, '2016-08-12 02:21:20');
INSERT INTO `product` VALUES (958, '惠尔顿儿童安全座椅isofix硬接口汽车用安全坐椅9个月-12岁酷睿宝', '双接口固定 夏克立推荐 好评如潮', 2848.00, 1994.00, 52, 60, '2016-07-25 02:29:07');
INSERT INTO `product` VALUES (959, '好孩子汽车儿童安全座椅goodbaby9个月－12岁宝宝座椅cs668侧碰王', '开团3秒半价 475元 提前购买 咨询客服', 1999.00, 1199.00, 89, 60, '2016-07-17 02:29:10');
INSERT INTO `product` VALUES (960, 'REEBABY儿童安全座椅9个月-12岁宝宝婴儿汽车用坐椅车载 3C认证', '睿睿熊定制款 合金钢骨架 全国包邮', 1280.00, 1216.00, 71, 60, '2016-07-26 02:29:13');
INSERT INTO `product` VALUES (961, 'REEBABY汽车儿童安全座椅ISOFIX 0-4-6-12岁婴儿宝宝新生儿可躺', '165度超大 躺角 0-12岁 正反双向 安装', 1680.00, 1344.00, 59, 60, '2016-08-21 02:29:16');
INSERT INTO `product` VALUES (962, '新生儿婴儿提篮式安全座椅汽车用车载儿童安全坐椅宝宝摇篮便携式', '法国畅销品牌 ITW卡扣 环保针织面料', 980.00, 882.00, 16, 60, '2016-08-09 02:29:19');
INSERT INTO `product` VALUES (969, '啦啦', '额', 888.00, 9.99, 99, 90, '2020-01-17 18:05:13');
INSERT INTO `product` VALUES (972, '请问请问', '驱蚊器', 88.00, 77.00, 88, 97, '2020-01-20 22:06:12');

-- ----------------------------
-- Table structure for productimage
-- ----------------------------
DROP TABLE IF EXISTS `productimage`;
CREATE TABLE `productimage`  (
  `id` int(11) NOT NULL AUTO_INCREMENT,
  `pid` int(11) NULL DEFAULT NULL,
  `type` varchar(255) CHARACTER SET utf8 COLLATE utf8_general_ci NULL DEFAULT NULL,
  PRIMARY KEY (`id`) USING BTREE,
  INDEX `fk_productimage_product`(`pid`) USING BTREE,
  CONSTRAINT `fk_productimage_product` FOREIGN KEY (`pid`) REFERENCES `product` (`id`) ON DELETE RESTRICT ON UPDATE CASCADE
) ENGINE = InnoDB AUTO_INCREMENT = 10203 CHARACTER SET = utf8 COLLATE = utf8_general_ci ROW_FORMAT = Dynamic;

-- ----------------------------
-- Records of productimage
-- ----------------------------
INSERT INTO `productimage` VALUES (629, 87, 'single');
INSERT INTO `productimage` VALUES (630, 87, 'single');
INSERT INTO `productimage` VALUES (631, 87, 'single');
INSERT INTO `productimage` VALUES (632, 87, 'single');
INSERT INTO `productimage` VALUES (633, 87, 'detail');
INSERT INTO `productimage` VALUES (634, 87, 'detail');
INSERT INTO `productimage` VALUES (635, 87, 'detail');
INSERT INTO `productimage` VALUES (636, 87, 'detail');
INSERT INTO `productimage` VALUES (637, 87, 'detail');
INSERT INTO `productimage` VALUES (638, 87, 'detail');
INSERT INTO `productimage` VALUES (639, 88, 'single');
INSERT INTO `productimage` VALUES (640, 88, 'single');
INSERT INTO `productimage` VALUES (641, 88, 'single');
INSERT INTO `productimage` VALUES (642, 88, 'single');
INSERT INTO `productimage` VALUES (643, 88, 'single');
INSERT INTO `productimage` VALUES (644, 88, 'detail');
INSERT INTO `productimage` VALUES (645, 88, 'detail');
INSERT INTO `productimage` VALUES (646, 88, 'detail');
INSERT INTO `productimage` VALUES (647, 88, 'detail');
INSERT INTO `productimage` VALUES (648, 88, 'detail');
INSERT INTO `productimage` VALUES (649, 88, 'detail');
INSERT INTO `productimage` VALUES (650, 89, 'single');
INSERT INTO `productimage` VALUES (651, 89, 'single');
INSERT INTO `productimage` VALUES (652, 89, 'single');
INSERT INTO `productimage` VALUES (653, 89, 'single');
INSERT INTO `productimage` VALUES (654, 89, 'single');
INSERT INTO `productimage` VALUES (655, 89, 'detail');
INSERT INTO `productimage` VALUES (656, 89, 'detail');
INSERT INTO `productimage` VALUES (657, 89, 'detail');
INSERT INTO `productimage` VALUES (658, 89, 'detail');
INSERT INTO `productimage` VALUES (659, 89, 'detail');
INSERT INTO `productimage` VALUES (660, 89, 'detail');
INSERT INTO `productimage` VALUES (661, 90, 'single');
INSERT INTO `productimage` VALUES (662, 90, 'single');
INSERT INTO `productimage` VALUES (663, 90, 'single');
INSERT INTO `productimage` VALUES (664, 90, 'single');
INSERT INTO `productimage` VALUES (665, 90, 'single');
INSERT INTO `productimage` VALUES (666, 90, 'detail');
INSERT INTO `productimage` VALUES (667, 90, 'detail');
INSERT INTO `productimage` VALUES (668, 90, 'detail');
INSERT INTO `productimage` VALUES (669, 90, 'detail');
INSERT INTO `productimage` VALUES (670, 90, 'detail');
INSERT INTO `productimage` VALUES (671, 90, 'detail');
INSERT INTO `productimage` VALUES (672, 91, 'single');
INSERT INTO `productimage` VALUES (673, 91, 'single');
INSERT INTO `productimage` VALUES (674, 91, 'single');
INSERT INTO `productimage` VALUES (675, 91, 'single');
INSERT INTO `productimage` VALUES (676, 91, 'single');
INSERT INTO `productimage` VALUES (677, 91, 'detail');
INSERT INTO `productimage` VALUES (678, 91, 'detail');
INSERT INTO `productimage` VALUES (679, 91, 'detail');
INSERT INTO `productimage` VALUES (680, 91, 'detail');
INSERT INTO `productimage` VALUES (681, 91, 'detail');
INSERT INTO `productimage` VALUES (682, 91, 'detail');
INSERT INTO `productimage` VALUES (1276, 147, 'single');
INSERT INTO `productimage` VALUES (1277, 147, 'single');
INSERT INTO `productimage` VALUES (1278, 147, 'single');
INSERT INTO `productimage` VALUES (1279, 147, 'single');
INSERT INTO `productimage` VALUES (1280, 147, 'single');
INSERT INTO `productimage` VALUES (1281, 147, 'detail');
INSERT INTO `productimage` VALUES (1282, 147, 'detail');
INSERT INTO `productimage` VALUES (1283, 147, 'detail');
INSERT INTO `productimage` VALUES (1284, 147, 'detail');
INSERT INTO `productimage` VALUES (1285, 147, 'detail');
INSERT INTO `productimage` VALUES (1286, 147, 'detail');
INSERT INTO `productimage` VALUES (1287, 148, 'single');
INSERT INTO `productimage` VALUES (1288, 148, 'single');
INSERT INTO `productimage` VALUES (1289, 148, 'single');
INSERT INTO `productimage` VALUES (1290, 148, 'single');
INSERT INTO `productimage` VALUES (1291, 148, 'single');
INSERT INTO `productimage` VALUES (1292, 148, 'detail');
INSERT INTO `productimage` VALUES (1293, 148, 'detail');
INSERT INTO `productimage` VALUES (1294, 148, 'detail');
INSERT INTO `productimage` VALUES (1295, 148, 'detail');
INSERT INTO `productimage` VALUES (1296, 148, 'detail');
INSERT INTO `productimage` VALUES (1297, 148, 'detail');
INSERT INTO `productimage` VALUES (1298, 149, 'single');
INSERT INTO `productimage` VALUES (1299, 149, 'single');
INSERT INTO `productimage` VALUES (1300, 149, 'single');
INSERT INTO `productimage` VALUES (1301, 149, 'single');
INSERT INTO `productimage` VALUES (1302, 149, 'single');
INSERT INTO `productimage` VALUES (1303, 149, 'detail');
INSERT INTO `productimage` VALUES (1304, 149, 'detail');
INSERT INTO `productimage` VALUES (1305, 149, 'detail');
INSERT INTO `productimage` VALUES (1306, 149, 'detail');
INSERT INTO `productimage` VALUES (1307, 149, 'detail');
INSERT INTO `productimage` VALUES (1308, 149, 'detail');
INSERT INTO `productimage` VALUES (1309, 150, 'single');
INSERT INTO `productimage` VALUES (1310, 150, 'single');
INSERT INTO `productimage` VALUES (1311, 150, 'single');
INSERT INTO `productimage` VALUES (1312, 150, 'single');
INSERT INTO `productimage` VALUES (1313, 150, 'single');
INSERT INTO `productimage` VALUES (1314, 150, 'detail');
INSERT INTO `productimage` VALUES (1315, 150, 'detail');
INSERT INTO `productimage` VALUES (1316, 150, 'detail');
INSERT INTO `productimage` VALUES (1317, 150, 'detail');
INSERT INTO `productimage` VALUES (1318, 150, 'detail');
INSERT INTO `productimage` VALUES (1319, 150, 'detail');
INSERT INTO `productimage` VALUES (1320, 151, 'single');
INSERT INTO `productimage` VALUES (1321, 151, 'single');
INSERT INTO `productimage` VALUES (1322, 151, 'single');
INSERT INTO `productimage` VALUES (1323, 151, 'single');
INSERT INTO `productimage` VALUES (1324, 151, 'single');
INSERT INTO `productimage` VALUES (1325, 151, 'detail');
INSERT INTO `productimage` VALUES (1326, 151, 'detail');
INSERT INTO `productimage` VALUES (1327, 151, 'detail');
INSERT INTO `productimage` VALUES (1328, 151, 'detail');
INSERT INTO `productimage` VALUES (1329, 151, 'detail');
INSERT INTO `productimage` VALUES (1330, 151, 'detail');
INSERT INTO `productimage` VALUES (1880, 202, 'single');
INSERT INTO `productimage` VALUES (1881, 202, 'single');
INSERT INTO `productimage` VALUES (1882, 202, 'single');
INSERT INTO `productimage` VALUES (1883, 202, 'single');
INSERT INTO `productimage` VALUES (1884, 202, 'single');
INSERT INTO `productimage` VALUES (1885, 202, 'detail');
INSERT INTO `productimage` VALUES (1886, 202, 'detail');
INSERT INTO `productimage` VALUES (1887, 202, 'detail');
INSERT INTO `productimage` VALUES (1888, 202, 'detail');
INSERT INTO `productimage` VALUES (1889, 202, 'detail');
INSERT INTO `productimage` VALUES (1890, 202, 'detail');
INSERT INTO `productimage` VALUES (1891, 203, 'single');
INSERT INTO `productimage` VALUES (1892, 203, 'single');
INSERT INTO `productimage` VALUES (1893, 203, 'single');
INSERT INTO `productimage` VALUES (1894, 203, 'single');
INSERT INTO `productimage` VALUES (1895, 203, 'single');
INSERT INTO `productimage` VALUES (1896, 203, 'detail');
INSERT INTO `productimage` VALUES (1897, 203, 'detail');
INSERT INTO `productimage` VALUES (1898, 203, 'detail');
INSERT INTO `productimage` VALUES (1899, 203, 'detail');
INSERT INTO `productimage` VALUES (1900, 203, 'detail');
INSERT INTO `productimage` VALUES (1901, 203, 'detail');
INSERT INTO `productimage` VALUES (1902, 204, 'single');
INSERT INTO `productimage` VALUES (1903, 204, 'single');
INSERT INTO `productimage` VALUES (1904, 204, 'single');
INSERT INTO `productimage` VALUES (1905, 204, 'single');
INSERT INTO `productimage` VALUES (1906, 204, 'single');
INSERT INTO `productimage` VALUES (1907, 204, 'detail');
INSERT INTO `productimage` VALUES (1908, 204, 'detail');
INSERT INTO `productimage` VALUES (1909, 204, 'detail');
INSERT INTO `productimage` VALUES (1910, 204, 'detail');
INSERT INTO `productimage` VALUES (1911, 204, 'detail');
INSERT INTO `productimage` VALUES (1912, 204, 'detail');
INSERT INTO `productimage` VALUES (1913, 205, 'single');
INSERT INTO `productimage` VALUES (1914, 205, 'single');
INSERT INTO `productimage` VALUES (1915, 205, 'single');
INSERT INTO `productimage` VALUES (1916, 205, 'single');
INSERT INTO `productimage` VALUES (1917, 205, 'single');
INSERT INTO `productimage` VALUES (1918, 205, 'detail');
INSERT INTO `productimage` VALUES (1919, 205, 'detail');
INSERT INTO `productimage` VALUES (1920, 205, 'detail');
INSERT INTO `productimage` VALUES (1921, 205, 'detail');
INSERT INTO `productimage` VALUES (1922, 205, 'detail');
INSERT INTO `productimage` VALUES (1923, 205, 'detail');
INSERT INTO `productimage` VALUES (1924, 206, 'single');
INSERT INTO `productimage` VALUES (1925, 206, 'single');
INSERT INTO `productimage` VALUES (1926, 206, 'single');
INSERT INTO `productimage` VALUES (1927, 206, 'single');
INSERT INTO `productimage` VALUES (1928, 206, 'single');
INSERT INTO `productimage` VALUES (1929, 206, 'detail');
INSERT INTO `productimage` VALUES (1930, 206, 'detail');
INSERT INTO `productimage` VALUES (1931, 206, 'detail');
INSERT INTO `productimage` VALUES (1932, 206, 'detail');
INSERT INTO `productimage` VALUES (1933, 206, 'detail');
INSERT INTO `productimage` VALUES (1934, 206, 'detail');
INSERT INTO `productimage` VALUES (2533, 262, 'single');
INSERT INTO `productimage` VALUES (2534, 262, 'single');
INSERT INTO `productimage` VALUES (2535, 262, 'single');
INSERT INTO `productimage` VALUES (2536, 262, 'single');
INSERT INTO `productimage` VALUES (2537, 262, 'single');
INSERT INTO `productimage` VALUES (2538, 262, 'detail');
INSERT INTO `productimage` VALUES (2539, 262, 'detail');
INSERT INTO `productimage` VALUES (2540, 262, 'detail');
INSERT INTO `productimage` VALUES (2541, 262, 'detail');
INSERT INTO `productimage` VALUES (2542, 262, 'detail');
INSERT INTO `productimage` VALUES (2543, 262, 'detail');
INSERT INTO `productimage` VALUES (2544, 263, 'single');
INSERT INTO `productimage` VALUES (2545, 263, 'single');
INSERT INTO `productimage` VALUES (2546, 263, 'single');
INSERT INTO `productimage` VALUES (2547, 263, 'single');
INSERT INTO `productimage` VALUES (2548, 263, 'single');
INSERT INTO `productimage` VALUES (2549, 263, 'detail');
INSERT INTO `productimage` VALUES (2550, 263, 'detail');
INSERT INTO `productimage` VALUES (2551, 263, 'detail');
INSERT INTO `productimage` VALUES (2552, 263, 'detail');
INSERT INTO `productimage` VALUES (2553, 263, 'detail');
INSERT INTO `productimage` VALUES (2554, 263, 'detail');
INSERT INTO `productimage` VALUES (2555, 264, 'single');
INSERT INTO `productimage` VALUES (2556, 264, 'single');
INSERT INTO `productimage` VALUES (2557, 264, 'single');
INSERT INTO `productimage` VALUES (2558, 264, 'single');
INSERT INTO `productimage` VALUES (2559, 264, 'single');
INSERT INTO `productimage` VALUES (2560, 264, 'detail');
INSERT INTO `productimage` VALUES (2561, 264, 'detail');
INSERT INTO `productimage` VALUES (2562, 264, 'detail');
INSERT INTO `productimage` VALUES (2563, 264, 'detail');
INSERT INTO `productimage` VALUES (2564, 264, 'detail');
INSERT INTO `productimage` VALUES (2565, 264, 'detail');
INSERT INTO `productimage` VALUES (2566, 265, 'single');
INSERT INTO `productimage` VALUES (2567, 265, 'single');
INSERT INTO `productimage` VALUES (2568, 265, 'single');
INSERT INTO `productimage` VALUES (2569, 265, 'single');
INSERT INTO `productimage` VALUES (2570, 265, 'single');
INSERT INTO `productimage` VALUES (2571, 265, 'detail');
INSERT INTO `productimage` VALUES (2572, 265, 'detail');
INSERT INTO `productimage` VALUES (2573, 265, 'detail');
INSERT INTO `productimage` VALUES (2574, 265, 'detail');
INSERT INTO `productimage` VALUES (2575, 265, 'detail');
INSERT INTO `productimage` VALUES (2576, 265, 'detail');
INSERT INTO `productimage` VALUES (2577, 266, 'single');
INSERT INTO `productimage` VALUES (2578, 266, 'single');
INSERT INTO `productimage` VALUES (2579, 266, 'single');
INSERT INTO `productimage` VALUES (2580, 266, 'single');
INSERT INTO `productimage` VALUES (2581, 266, 'single');
INSERT INTO `productimage` VALUES (2582, 266, 'detail');
INSERT INTO `productimage` VALUES (2583, 266, 'detail');
INSERT INTO `productimage` VALUES (2584, 266, 'detail');
INSERT INTO `productimage` VALUES (2585, 266, 'detail');
INSERT INTO `productimage` VALUES (2586, 266, 'detail');
INSERT INTO `productimage` VALUES (2587, 266, 'detail');
INSERT INTO `productimage` VALUES (3134, 317, 'single');
INSERT INTO `productimage` VALUES (3135, 317, 'single');
INSERT INTO `productimage` VALUES (3136, 317, 'single');
INSERT INTO `productimage` VALUES (3137, 317, 'single');
INSERT INTO `productimage` VALUES (3138, 317, 'single');
INSERT INTO `productimage` VALUES (3139, 317, 'detail');
INSERT INTO `productimage` VALUES (3140, 317, 'detail');
INSERT INTO `productimage` VALUES (3141, 317, 'detail');
INSERT INTO `productimage` VALUES (3142, 317, 'detail');
INSERT INTO `productimage` VALUES (3143, 317, 'detail');
INSERT INTO `productimage` VALUES (3144, 317, 'detail');
INSERT INTO `productimage` VALUES (3145, 318, 'single');
INSERT INTO `productimage` VALUES (3146, 318, 'single');
INSERT INTO `productimage` VALUES (3147, 318, 'single');
INSERT INTO `productimage` VALUES (3148, 318, 'single');
INSERT INTO `productimage` VALUES (3149, 318, 'single');
INSERT INTO `productimage` VALUES (3150, 318, 'detail');
INSERT INTO `productimage` VALUES (3151, 318, 'detail');
INSERT INTO `productimage` VALUES (3152, 318, 'detail');
INSERT INTO `productimage` VALUES (3153, 318, 'detail');
INSERT INTO `productimage` VALUES (3154, 318, 'detail');
INSERT INTO `productimage` VALUES (3155, 318, 'detail');
INSERT INTO `productimage` VALUES (3156, 319, 'single');
INSERT INTO `productimage` VALUES (3157, 319, 'single');
INSERT INTO `productimage` VALUES (3158, 319, 'single');
INSERT INTO `productimage` VALUES (3159, 319, 'single');
INSERT INTO `productimage` VALUES (3160, 319, 'single');
INSERT INTO `productimage` VALUES (3161, 319, 'detail');
INSERT INTO `productimage` VALUES (3162, 319, 'detail');
INSERT INTO `productimage` VALUES (3163, 319, 'detail');
INSERT INTO `productimage` VALUES (3164, 319, 'detail');
INSERT INTO `productimage` VALUES (3165, 319, 'detail');
INSERT INTO `productimage` VALUES (3166, 319, 'detail');
INSERT INTO `productimage` VALUES (3167, 320, 'single');
INSERT INTO `productimage` VALUES (3168, 320, 'single');
INSERT INTO `productimage` VALUES (3169, 320, 'single');
INSERT INTO `productimage` VALUES (3170, 320, 'single');
INSERT INTO `productimage` VALUES (3171, 320, 'single');
INSERT INTO `productimage` VALUES (3172, 320, 'detail');
INSERT INTO `productimage` VALUES (3173, 320, 'detail');
INSERT INTO `productimage` VALUES (3174, 320, 'detail');
INSERT INTO `productimage` VALUES (3175, 320, 'detail');
INSERT INTO `productimage` VALUES (3176, 320, 'detail');
INSERT INTO `productimage` VALUES (3177, 320, 'detail');
INSERT INTO `productimage` VALUES (3178, 321, 'single');
INSERT INTO `productimage` VALUES (3179, 321, 'single');
INSERT INTO `productimage` VALUES (3180, 321, 'single');
INSERT INTO `productimage` VALUES (3181, 321, 'single');
INSERT INTO `productimage` VALUES (3182, 321, 'single');
INSERT INTO `productimage` VALUES (3183, 321, 'detail');
INSERT INTO `productimage` VALUES (3184, 321, 'detail');
INSERT INTO `productimage` VALUES (3185, 321, 'detail');
INSERT INTO `productimage` VALUES (3186, 321, 'detail');
INSERT INTO `productimage` VALUES (3187, 321, 'detail');
INSERT INTO `productimage` VALUES (3188, 321, 'detail');
INSERT INTO `productimage` VALUES (3748, 373, 'single');
INSERT INTO `productimage` VALUES (3749, 373, 'single');
INSERT INTO `productimage` VALUES (3750, 373, 'single');
INSERT INTO `productimage` VALUES (3751, 373, 'single');
INSERT INTO `productimage` VALUES (3752, 373, 'single');
INSERT INTO `productimage` VALUES (3753, 373, 'detail');
INSERT INTO `productimage` VALUES (3754, 373, 'detail');
INSERT INTO `productimage` VALUES (3755, 373, 'detail');
INSERT INTO `productimage` VALUES (3756, 373, 'detail');
INSERT INTO `productimage` VALUES (3757, 373, 'detail');
INSERT INTO `productimage` VALUES (3758, 373, 'detail');
INSERT INTO `productimage` VALUES (3759, 374, 'single');
INSERT INTO `productimage` VALUES (3760, 374, 'single');
INSERT INTO `productimage` VALUES (3761, 374, 'single');
INSERT INTO `productimage` VALUES (3762, 374, 'single');
INSERT INTO `productimage` VALUES (3763, 374, 'single');
INSERT INTO `productimage` VALUES (3764, 374, 'detail');
INSERT INTO `productimage` VALUES (3765, 374, 'detail');
INSERT INTO `productimage` VALUES (3766, 374, 'detail');
INSERT INTO `productimage` VALUES (3767, 374, 'detail');
INSERT INTO `productimage` VALUES (3768, 374, 'detail');
INSERT INTO `productimage` VALUES (3769, 374, 'detail');
INSERT INTO `productimage` VALUES (3770, 375, 'single');
INSERT INTO `productimage` VALUES (3771, 375, 'single');
INSERT INTO `productimage` VALUES (3772, 375, 'single');
INSERT INTO `productimage` VALUES (3773, 375, 'single');
INSERT INTO `productimage` VALUES (3774, 375, 'single');
INSERT INTO `productimage` VALUES (3775, 375, 'detail');
INSERT INTO `productimage` VALUES (3776, 375, 'detail');
INSERT INTO `productimage` VALUES (3777, 375, 'detail');
INSERT INTO `productimage` VALUES (3778, 375, 'detail');
INSERT INTO `productimage` VALUES (3779, 375, 'detail');
INSERT INTO `productimage` VALUES (3780, 375, 'detail');
INSERT INTO `productimage` VALUES (3781, 376, 'single');
INSERT INTO `productimage` VALUES (3782, 376, 'single');
INSERT INTO `productimage` VALUES (3783, 376, 'single');
INSERT INTO `productimage` VALUES (3784, 376, 'single');
INSERT INTO `productimage` VALUES (3785, 376, 'single');
INSERT INTO `productimage` VALUES (3786, 376, 'detail');
INSERT INTO `productimage` VALUES (3787, 376, 'detail');
INSERT INTO `productimage` VALUES (3788, 376, 'detail');
INSERT INTO `productimage` VALUES (3789, 376, 'detail');
INSERT INTO `productimage` VALUES (3790, 376, 'detail');
INSERT INTO `productimage` VALUES (3791, 376, 'detail');
INSERT INTO `productimage` VALUES (3792, 377, 'single');
INSERT INTO `productimage` VALUES (3793, 377, 'single');
INSERT INTO `productimage` VALUES (3794, 377, 'single');
INSERT INTO `productimage` VALUES (3795, 377, 'single');
INSERT INTO `productimage` VALUES (3796, 377, 'single');
INSERT INTO `productimage` VALUES (3797, 377, 'detail');
INSERT INTO `productimage` VALUES (3798, 377, 'detail');
INSERT INTO `productimage` VALUES (3799, 377, 'detail');
INSERT INTO `productimage` VALUES (3800, 377, 'detail');
INSERT INTO `productimage` VALUES (3801, 377, 'detail');
INSERT INTO `productimage` VALUES (3802, 377, 'detail');
INSERT INTO `productimage` VALUES (4354, 429, 'single');
INSERT INTO `productimage` VALUES (4355, 429, 'single');
INSERT INTO `productimage` VALUES (4356, 429, 'single');
INSERT INTO `productimage` VALUES (4357, 429, 'single');
INSERT INTO `productimage` VALUES (4358, 429, 'single');
INSERT INTO `productimage` VALUES (4359, 429, 'detail');
INSERT INTO `productimage` VALUES (4360, 429, 'detail');
INSERT INTO `productimage` VALUES (4361, 429, 'detail');
INSERT INTO `productimage` VALUES (4362, 429, 'detail');
INSERT INTO `productimage` VALUES (4363, 429, 'detail');
INSERT INTO `productimage` VALUES (4364, 429, 'detail');
INSERT INTO `productimage` VALUES (4365, 430, 'single');
INSERT INTO `productimage` VALUES (4366, 430, 'single');
INSERT INTO `productimage` VALUES (4367, 430, 'single');
INSERT INTO `productimage` VALUES (4368, 430, 'single');
INSERT INTO `productimage` VALUES (4369, 430, 'single');
INSERT INTO `productimage` VALUES (4370, 430, 'detail');
INSERT INTO `productimage` VALUES (4371, 430, 'detail');
INSERT INTO `productimage` VALUES (4372, 430, 'detail');
INSERT INTO `productimage` VALUES (4373, 430, 'detail');
INSERT INTO `productimage` VALUES (4374, 430, 'detail');
INSERT INTO `productimage` VALUES (4375, 430, 'detail');
INSERT INTO `productimage` VALUES (4376, 431, 'single');
INSERT INTO `productimage` VALUES (4377, 431, 'single');
INSERT INTO `productimage` VALUES (4378, 431, 'single');
INSERT INTO `productimage` VALUES (4379, 431, 'single');
INSERT INTO `productimage` VALUES (4380, 431, 'single');
INSERT INTO `productimage` VALUES (4381, 431, 'detail');
INSERT INTO `productimage` VALUES (4382, 431, 'detail');
INSERT INTO `productimage` VALUES (4383, 431, 'detail');
INSERT INTO `productimage` VALUES (4384, 431, 'detail');
INSERT INTO `productimage` VALUES (4385, 431, 'detail');
INSERT INTO `productimage` VALUES (4386, 431, 'detail');
INSERT INTO `productimage` VALUES (4387, 432, 'single');
INSERT INTO `productimage` VALUES (4388, 432, 'single');
INSERT INTO `productimage` VALUES (4389, 432, 'single');
INSERT INTO `productimage` VALUES (4390, 432, 'single');
INSERT INTO `productimage` VALUES (4391, 432, 'detail');
INSERT INTO `productimage` VALUES (4392, 432, 'detail');
INSERT INTO `productimage` VALUES (4393, 432, 'detail');
INSERT INTO `productimage` VALUES (4394, 432, 'detail');
INSERT INTO `productimage` VALUES (4395, 432, 'detail');
INSERT INTO `productimage` VALUES (4396, 432, 'detail');
INSERT INTO `productimage` VALUES (4397, 433, 'single');
INSERT INTO `productimage` VALUES (4398, 433, 'single');
INSERT INTO `productimage` VALUES (4399, 433, 'single');
INSERT INTO `productimage` VALUES (4400, 433, 'single');
INSERT INTO `productimage` VALUES (4401, 433, 'single');
INSERT INTO `productimage` VALUES (4402, 433, 'detail');
INSERT INTO `productimage` VALUES (4403, 433, 'detail');
INSERT INTO `productimage` VALUES (4404, 433, 'detail');
INSERT INTO `productimage` VALUES (4405, 433, 'detail');
INSERT INTO `productimage` VALUES (4406, 433, 'detail');
INSERT INTO `productimage` VALUES (4407, 433, 'detail');
INSERT INTO `productimage` VALUES (4573, 449, 'single');
INSERT INTO `productimage` VALUES (4574, 449, 'single');
INSERT INTO `productimage` VALUES (4575, 449, 'single');
INSERT INTO `productimage` VALUES (4576, 449, 'single');
INSERT INTO `productimage` VALUES (4577, 449, 'detail');
INSERT INTO `productimage` VALUES (4578, 449, 'detail');
INSERT INTO `productimage` VALUES (4579, 449, 'detail');
INSERT INTO `productimage` VALUES (4580, 449, 'detail');
INSERT INTO `productimage` VALUES (4581, 449, 'detail');
INSERT INTO `productimage` VALUES (4582, 449, 'detail');
INSERT INTO `productimage` VALUES (4583, 450, 'single');
INSERT INTO `productimage` VALUES (4584, 450, 'single');
INSERT INTO `productimage` VALUES (4585, 450, 'single');
INSERT INTO `productimage` VALUES (4586, 450, 'single');
INSERT INTO `productimage` VALUES (4587, 450, 'single');
INSERT INTO `productimage` VALUES (4588, 450, 'detail');
INSERT INTO `productimage` VALUES (4589, 450, 'detail');
INSERT INTO `productimage` VALUES (4590, 450, 'detail');
INSERT INTO `productimage` VALUES (4591, 450, 'detail');
INSERT INTO `productimage` VALUES (4592, 450, 'detail');
INSERT INTO `productimage` VALUES (4593, 450, 'detail');
INSERT INTO `productimage` VALUES (4594, 451, 'single');
INSERT INTO `productimage` VALUES (4595, 451, 'single');
INSERT INTO `productimage` VALUES (4596, 451, 'single');
INSERT INTO `productimage` VALUES (4597, 451, 'single');
INSERT INTO `productimage` VALUES (4598, 451, 'single');
INSERT INTO `productimage` VALUES (4599, 451, 'detail');
INSERT INTO `productimage` VALUES (4600, 451, 'detail');
INSERT INTO `productimage` VALUES (4601, 451, 'detail');
INSERT INTO `productimage` VALUES (4602, 451, 'detail');
INSERT INTO `productimage` VALUES (4603, 451, 'detail');
INSERT INTO `productimage` VALUES (4604, 451, 'detail');
INSERT INTO `productimage` VALUES (4605, 452, 'single');
INSERT INTO `productimage` VALUES (4606, 452, 'single');
INSERT INTO `productimage` VALUES (4607, 452, 'single');
INSERT INTO `productimage` VALUES (4608, 452, 'single');
INSERT INTO `productimage` VALUES (4609, 452, 'detail');
INSERT INTO `productimage` VALUES (4610, 452, 'detail');
INSERT INTO `productimage` VALUES (4611, 452, 'detail');
INSERT INTO `productimage` VALUES (4612, 452, 'detail');
INSERT INTO `productimage` VALUES (4613, 452, 'detail');
INSERT INTO `productimage` VALUES (4614, 452, 'detail');
INSERT INTO `productimage` VALUES (4615, 453, 'single');
INSERT INTO `productimage` VALUES (4616, 453, 'single');
INSERT INTO `productimage` VALUES (4617, 453, 'single');
INSERT INTO `productimage` VALUES (4618, 453, 'single');
INSERT INTO `productimage` VALUES (4619, 453, 'single');
INSERT INTO `productimage` VALUES (4620, 453, 'detail');
INSERT INTO `productimage` VALUES (4621, 453, 'detail');
INSERT INTO `productimage` VALUES (4622, 453, 'detail');
INSERT INTO `productimage` VALUES (4623, 453, 'detail');
INSERT INTO `productimage` VALUES (4624, 453, 'detail');
INSERT INTO `productimage` VALUES (4625, 453, 'detail');
INSERT INTO `productimage` VALUES (5208, 509, 'single');
INSERT INTO `productimage` VALUES (5209, 509, 'single');
INSERT INTO `productimage` VALUES (5210, 509, 'single');
INSERT INTO `productimage` VALUES (5211, 509, 'single');
INSERT INTO `productimage` VALUES (5212, 509, 'detail');
INSERT INTO `productimage` VALUES (5213, 509, 'detail');
INSERT INTO `productimage` VALUES (5214, 509, 'detail');
INSERT INTO `productimage` VALUES (5215, 509, 'detail');
INSERT INTO `productimage` VALUES (5216, 509, 'detail');
INSERT INTO `productimage` VALUES (5217, 509, 'detail');
INSERT INTO `productimage` VALUES (5218, 510, 'single');
INSERT INTO `productimage` VALUES (5219, 510, 'single');
INSERT INTO `productimage` VALUES (5220, 510, 'single');
INSERT INTO `productimage` VALUES (5221, 510, 'single');
INSERT INTO `productimage` VALUES (5222, 510, 'single');
INSERT INTO `productimage` VALUES (5223, 510, 'detail');
INSERT INTO `productimage` VALUES (5224, 510, 'detail');
INSERT INTO `productimage` VALUES (5225, 510, 'detail');
INSERT INTO `productimage` VALUES (5226, 510, 'detail');
INSERT INTO `productimage` VALUES (5227, 510, 'detail');
INSERT INTO `productimage` VALUES (5228, 510, 'detail');
INSERT INTO `productimage` VALUES (5229, 511, 'single');
INSERT INTO `productimage` VALUES (5230, 511, 'single');
INSERT INTO `productimage` VALUES (5231, 511, 'single');
INSERT INTO `productimage` VALUES (5232, 511, 'single');
INSERT INTO `productimage` VALUES (5233, 511, 'single');
INSERT INTO `productimage` VALUES (5234, 511, 'detail');
INSERT INTO `productimage` VALUES (5235, 511, 'detail');
INSERT INTO `productimage` VALUES (5236, 511, 'detail');
INSERT INTO `productimage` VALUES (5237, 511, 'detail');
INSERT INTO `productimage` VALUES (5238, 511, 'detail');
INSERT INTO `productimage` VALUES (5239, 511, 'detail');
INSERT INTO `productimage` VALUES (5240, 512, 'single');
INSERT INTO `productimage` VALUES (5241, 512, 'single');
INSERT INTO `productimage` VALUES (5242, 512, 'single');
INSERT INTO `productimage` VALUES (5243, 512, 'single');
INSERT INTO `productimage` VALUES (5244, 512, 'single');
INSERT INTO `productimage` VALUES (5245, 512, 'detail');
INSERT INTO `productimage` VALUES (5246, 512, 'detail');
INSERT INTO `productimage` VALUES (5247, 512, 'detail');
INSERT INTO `productimage` VALUES (5248, 512, 'detail');
INSERT INTO `productimage` VALUES (5249, 512, 'detail');
INSERT INTO `productimage` VALUES (5250, 512, 'detail');
INSERT INTO `productimage` VALUES (5251, 513, 'single');
INSERT INTO `productimage` VALUES (5252, 513, 'single');
INSERT INTO `productimage` VALUES (5253, 513, 'single');
INSERT INTO `productimage` VALUES (5254, 513, 'single');
INSERT INTO `productimage` VALUES (5255, 513, 'single');
INSERT INTO `productimage` VALUES (5256, 513, 'detail');
INSERT INTO `productimage` VALUES (5257, 513, 'detail');
INSERT INTO `productimage` VALUES (5258, 513, 'detail');
INSERT INTO `productimage` VALUES (5259, 513, 'detail');
INSERT INTO `productimage` VALUES (5260, 513, 'detail');
INSERT INTO `productimage` VALUES (5261, 513, 'detail');
INSERT INTO `productimage` VALUES (5823, 565, 'single');
INSERT INTO `productimage` VALUES (5824, 565, 'single');
INSERT INTO `productimage` VALUES (5825, 565, 'single');
INSERT INTO `productimage` VALUES (5826, 565, 'single');
INSERT INTO `productimage` VALUES (5827, 565, 'single');
INSERT INTO `productimage` VALUES (5828, 565, 'detail');
INSERT INTO `productimage` VALUES (5829, 565, 'detail');
INSERT INTO `productimage` VALUES (5830, 565, 'detail');
INSERT INTO `productimage` VALUES (5831, 565, 'detail');
INSERT INTO `productimage` VALUES (5832, 565, 'detail');
INSERT INTO `productimage` VALUES (5833, 565, 'detail');
INSERT INTO `productimage` VALUES (5834, 566, 'single');
INSERT INTO `productimage` VALUES (5835, 566, 'single');
INSERT INTO `productimage` VALUES (5836, 566, 'single');
INSERT INTO `productimage` VALUES (5837, 566, 'single');
INSERT INTO `productimage` VALUES (5838, 566, 'single');
INSERT INTO `productimage` VALUES (5839, 566, 'detail');
INSERT INTO `productimage` VALUES (5840, 566, 'detail');
INSERT INTO `productimage` VALUES (5841, 566, 'detail');
INSERT INTO `productimage` VALUES (5842, 566, 'detail');
INSERT INTO `productimage` VALUES (5843, 566, 'detail');
INSERT INTO `productimage` VALUES (5844, 566, 'detail');
INSERT INTO `productimage` VALUES (5845, 567, 'single');
INSERT INTO `productimage` VALUES (5846, 567, 'single');
INSERT INTO `productimage` VALUES (5847, 567, 'single');
INSERT INTO `productimage` VALUES (5848, 567, 'single');
INSERT INTO `productimage` VALUES (5849, 567, 'detail');
INSERT INTO `productimage` VALUES (5850, 567, 'detail');
INSERT INTO `productimage` VALUES (5851, 567, 'detail');
INSERT INTO `productimage` VALUES (5852, 567, 'detail');
INSERT INTO `productimage` VALUES (5853, 567, 'detail');
INSERT INTO `productimage` VALUES (5854, 567, 'detail');
INSERT INTO `productimage` VALUES (5855, 568, 'single');
INSERT INTO `productimage` VALUES (5856, 568, 'single');
INSERT INTO `productimage` VALUES (5857, 568, 'single');
INSERT INTO `productimage` VALUES (5858, 568, 'single');
INSERT INTO `productimage` VALUES (5859, 568, 'single');
INSERT INTO `productimage` VALUES (5860, 568, 'detail');
INSERT INTO `productimage` VALUES (5861, 568, 'detail');
INSERT INTO `productimage` VALUES (5862, 568, 'detail');
INSERT INTO `productimage` VALUES (5863, 568, 'detail');
INSERT INTO `productimage` VALUES (5864, 568, 'detail');
INSERT INTO `productimage` VALUES (5865, 568, 'detail');
INSERT INTO `productimage` VALUES (5866, 569, 'single');
INSERT INTO `productimage` VALUES (5867, 569, 'single');
INSERT INTO `productimage` VALUES (5868, 569, 'single');
INSERT INTO `productimage` VALUES (5869, 569, 'single');
INSERT INTO `productimage` VALUES (5870, 569, 'single');
INSERT INTO `productimage` VALUES (5871, 569, 'detail');
INSERT INTO `productimage` VALUES (5872, 569, 'detail');
INSERT INTO `productimage` VALUES (5873, 569, 'detail');
INSERT INTO `productimage` VALUES (5874, 569, 'detail');
INSERT INTO `productimage` VALUES (5875, 569, 'detail');
INSERT INTO `productimage` VALUES (5876, 569, 'detail');
INSERT INTO `productimage` VALUES (6427, 620, 'single');
INSERT INTO `productimage` VALUES (6428, 620, 'single');
INSERT INTO `productimage` VALUES (6429, 620, 'single');
INSERT INTO `productimage` VALUES (6430, 620, 'single');
INSERT INTO `productimage` VALUES (6431, 620, 'single');
INSERT INTO `productimage` VALUES (6432, 620, 'detail');
INSERT INTO `productimage` VALUES (6433, 620, 'detail');
INSERT INTO `productimage` VALUES (6434, 620, 'detail');
INSERT INTO `productimage` VALUES (6435, 620, 'detail');
INSERT INTO `productimage` VALUES (6436, 620, 'detail');
INSERT INTO `productimage` VALUES (6437, 620, 'detail');
INSERT INTO `productimage` VALUES (6438, 621, 'single');
INSERT INTO `productimage` VALUES (6439, 621, 'single');
INSERT INTO `productimage` VALUES (6440, 621, 'single');
INSERT INTO `productimage` VALUES (6441, 621, 'single');
INSERT INTO `productimage` VALUES (6442, 621, 'single');
INSERT INTO `productimage` VALUES (6443, 621, 'detail');
INSERT INTO `productimage` VALUES (6444, 621, 'detail');
INSERT INTO `productimage` VALUES (6445, 621, 'detail');
INSERT INTO `productimage` VALUES (6446, 621, 'detail');
INSERT INTO `productimage` VALUES (6447, 621, 'detail');
INSERT INTO `productimage` VALUES (6448, 621, 'detail');
INSERT INTO `productimage` VALUES (6449, 622, 'single');
INSERT INTO `productimage` VALUES (6450, 622, 'single');
INSERT INTO `productimage` VALUES (6451, 622, 'single');
INSERT INTO `productimage` VALUES (6452, 622, 'single');
INSERT INTO `productimage` VALUES (6453, 622, 'single');
INSERT INTO `productimage` VALUES (6454, 622, 'detail');
INSERT INTO `productimage` VALUES (6455, 622, 'detail');
INSERT INTO `productimage` VALUES (6456, 622, 'detail');
INSERT INTO `productimage` VALUES (6457, 622, 'detail');
INSERT INTO `productimage` VALUES (6458, 622, 'detail');
INSERT INTO `productimage` VALUES (6459, 622, 'detail');
INSERT INTO `productimage` VALUES (6460, 623, 'single');
INSERT INTO `productimage` VALUES (6461, 623, 'single');
INSERT INTO `productimage` VALUES (6462, 623, 'single');
INSERT INTO `productimage` VALUES (6463, 623, 'single');
INSERT INTO `productimage` VALUES (6464, 623, 'single');
INSERT INTO `productimage` VALUES (6465, 623, 'detail');
INSERT INTO `productimage` VALUES (6466, 623, 'detail');
INSERT INTO `productimage` VALUES (6467, 623, 'detail');
INSERT INTO `productimage` VALUES (6468, 623, 'detail');
INSERT INTO `productimage` VALUES (6469, 623, 'detail');
INSERT INTO `productimage` VALUES (6470, 623, 'detail');
INSERT INTO `productimage` VALUES (6471, 624, 'single');
INSERT INTO `productimage` VALUES (6472, 624, 'single');
INSERT INTO `productimage` VALUES (6473, 624, 'single');
INSERT INTO `productimage` VALUES (6474, 624, 'single');
INSERT INTO `productimage` VALUES (6475, 624, 'single');
INSERT INTO `productimage` VALUES (6476, 624, 'detail');
INSERT INTO `productimage` VALUES (6477, 624, 'detail');
INSERT INTO `productimage` VALUES (6478, 624, 'detail');
INSERT INTO `productimage` VALUES (6479, 624, 'detail');
INSERT INTO `productimage` VALUES (6480, 624, 'detail');
INSERT INTO `productimage` VALUES (6481, 624, 'detail');
INSERT INTO `productimage` VALUES (7010, 673, 'single');
INSERT INTO `productimage` VALUES (7011, 673, 'single');
INSERT INTO `productimage` VALUES (7012, 673, 'single');
INSERT INTO `productimage` VALUES (7013, 673, 'single');
INSERT INTO `productimage` VALUES (7014, 673, 'single');
INSERT INTO `productimage` VALUES (7015, 673, 'detail');
INSERT INTO `productimage` VALUES (7016, 673, 'detail');
INSERT INTO `productimage` VALUES (7017, 673, 'detail');
INSERT INTO `productimage` VALUES (7018, 673, 'detail');
INSERT INTO `productimage` VALUES (7019, 673, 'detail');
INSERT INTO `productimage` VALUES (7020, 673, 'detail');
INSERT INTO `productimage` VALUES (7021, 674, 'single');
INSERT INTO `productimage` VALUES (7022, 674, 'single');
INSERT INTO `productimage` VALUES (7023, 674, 'single');
INSERT INTO `productimage` VALUES (7024, 674, 'single');
INSERT INTO `productimage` VALUES (7025, 674, 'single');
INSERT INTO `productimage` VALUES (7026, 674, 'detail');
INSERT INTO `productimage` VALUES (7027, 674, 'detail');
INSERT INTO `productimage` VALUES (7028, 674, 'detail');
INSERT INTO `productimage` VALUES (7029, 674, 'detail');
INSERT INTO `productimage` VALUES (7030, 674, 'detail');
INSERT INTO `productimage` VALUES (7031, 674, 'detail');
INSERT INTO `productimage` VALUES (7032, 675, 'single');
INSERT INTO `productimage` VALUES (7033, 675, 'single');
INSERT INTO `productimage` VALUES (7034, 675, 'single');
INSERT INTO `productimage` VALUES (7035, 675, 'single');
INSERT INTO `productimage` VALUES (7036, 675, 'single');
INSERT INTO `productimage` VALUES (7037, 675, 'detail');
INSERT INTO `productimage` VALUES (7038, 675, 'detail');
INSERT INTO `productimage` VALUES (7039, 675, 'detail');
INSERT INTO `productimage` VALUES (7040, 675, 'detail');
INSERT INTO `productimage` VALUES (7041, 675, 'detail');
INSERT INTO `productimage` VALUES (7042, 675, 'detail');
INSERT INTO `productimage` VALUES (7043, 676, 'single');
INSERT INTO `productimage` VALUES (7044, 676, 'single');
INSERT INTO `productimage` VALUES (7045, 676, 'single');
INSERT INTO `productimage` VALUES (7046, 676, 'single');
INSERT INTO `productimage` VALUES (7047, 676, 'single');
INSERT INTO `productimage` VALUES (7048, 676, 'detail');
INSERT INTO `productimage` VALUES (7049, 676, 'detail');
INSERT INTO `productimage` VALUES (7050, 676, 'detail');
INSERT INTO `productimage` VALUES (7051, 676, 'detail');
INSERT INTO `productimage` VALUES (7052, 676, 'detail');
INSERT INTO `productimage` VALUES (7053, 676, 'detail');
INSERT INTO `productimage` VALUES (7054, 677, 'single');
INSERT INTO `productimage` VALUES (7055, 677, 'single');
INSERT INTO `productimage` VALUES (7056, 677, 'single');
INSERT INTO `productimage` VALUES (7057, 677, 'single');
INSERT INTO `productimage` VALUES (7058, 677, 'single');
INSERT INTO `productimage` VALUES (7059, 677, 'detail');
INSERT INTO `productimage` VALUES (7060, 677, 'detail');
INSERT INTO `productimage` VALUES (7061, 677, 'detail');
INSERT INTO `productimage` VALUES (7062, 677, 'detail');
INSERT INTO `productimage` VALUES (7063, 677, 'detail');
INSERT INTO `productimage` VALUES (7064, 677, 'detail');
INSERT INTO `productimage` VALUES (7626, 729, 'single');
INSERT INTO `productimage` VALUES (7627, 729, 'single');
INSERT INTO `productimage` VALUES (7628, 729, 'single');
INSERT INTO `productimage` VALUES (7629, 729, 'single');
INSERT INTO `productimage` VALUES (7630, 729, 'single');
INSERT INTO `productimage` VALUES (7631, 729, 'detail');
INSERT INTO `productimage` VALUES (7632, 729, 'detail');
INSERT INTO `productimage` VALUES (7633, 729, 'detail');
INSERT INTO `productimage` VALUES (7634, 729, 'detail');
INSERT INTO `productimage` VALUES (7635, 729, 'detail');
INSERT INTO `productimage` VALUES (7636, 729, 'detail');
INSERT INTO `productimage` VALUES (7637, 730, 'single');
INSERT INTO `productimage` VALUES (7638, 730, 'single');
INSERT INTO `productimage` VALUES (7639, 730, 'single');
INSERT INTO `productimage` VALUES (7640, 730, 'single');
INSERT INTO `productimage` VALUES (7641, 730, 'single');
INSERT INTO `productimage` VALUES (7642, 730, 'detail');
INSERT INTO `productimage` VALUES (7643, 730, 'detail');
INSERT INTO `productimage` VALUES (7644, 730, 'detail');
INSERT INTO `productimage` VALUES (7645, 730, 'detail');
INSERT INTO `productimage` VALUES (7646, 730, 'detail');
INSERT INTO `productimage` VALUES (7647, 730, 'detail');
INSERT INTO `productimage` VALUES (7648, 731, 'single');
INSERT INTO `productimage` VALUES (7649, 731, 'single');
INSERT INTO `productimage` VALUES (7650, 731, 'single');
INSERT INTO `productimage` VALUES (7651, 731, 'single');
INSERT INTO `productimage` VALUES (7652, 731, 'single');
INSERT INTO `productimage` VALUES (7653, 731, 'detail');
INSERT INTO `productimage` VALUES (7654, 731, 'detail');
INSERT INTO `productimage` VALUES (7655, 731, 'detail');
INSERT INTO `productimage` VALUES (7656, 731, 'detail');
INSERT INTO `productimage` VALUES (7657, 731, 'detail');
INSERT INTO `productimage` VALUES (7658, 731, 'detail');
INSERT INTO `productimage` VALUES (7659, 732, 'single');
INSERT INTO `productimage` VALUES (7660, 732, 'single');
INSERT INTO `productimage` VALUES (7661, 732, 'single');
INSERT INTO `productimage` VALUES (7662, 732, 'single');
INSERT INTO `productimage` VALUES (7663, 732, 'single');
INSERT INTO `productimage` VALUES (7664, 732, 'detail');
INSERT INTO `productimage` VALUES (7665, 732, 'detail');
INSERT INTO `productimage` VALUES (7666, 732, 'detail');
INSERT INTO `productimage` VALUES (7667, 732, 'detail');
INSERT INTO `productimage` VALUES (7668, 732, 'detail');
INSERT INTO `productimage` VALUES (7669, 732, 'detail');
INSERT INTO `productimage` VALUES (7670, 733, 'single');
INSERT INTO `productimage` VALUES (7671, 733, 'single');
INSERT INTO `productimage` VALUES (7672, 733, 'single');
INSERT INTO `productimage` VALUES (7673, 733, 'single');
INSERT INTO `productimage` VALUES (7674, 733, 'single');
INSERT INTO `productimage` VALUES (7675, 733, 'detail');
INSERT INTO `productimage` VALUES (7676, 733, 'detail');
INSERT INTO `productimage` VALUES (7677, 733, 'detail');
INSERT INTO `productimage` VALUES (7678, 733, 'detail');
INSERT INTO `productimage` VALUES (7679, 733, 'detail');
INSERT INTO `productimage` VALUES (7680, 733, 'detail');
INSERT INTO `productimage` VALUES (8231, 784, 'single');
INSERT INTO `productimage` VALUES (8232, 784, 'single');
INSERT INTO `productimage` VALUES (8233, 784, 'single');
INSERT INTO `productimage` VALUES (8234, 784, 'single');
INSERT INTO `productimage` VALUES (8235, 784, 'single');
INSERT INTO `productimage` VALUES (8236, 784, 'detail');
INSERT INTO `productimage` VALUES (8237, 784, 'detail');
INSERT INTO `productimage` VALUES (8238, 784, 'detail');
INSERT INTO `productimage` VALUES (8239, 784, 'detail');
INSERT INTO `productimage` VALUES (8240, 784, 'detail');
INSERT INTO `productimage` VALUES (8241, 784, 'detail');
INSERT INTO `productimage` VALUES (8242, 785, 'single');
INSERT INTO `productimage` VALUES (8243, 785, 'single');
INSERT INTO `productimage` VALUES (8244, 785, 'single');
INSERT INTO `productimage` VALUES (8245, 785, 'single');
INSERT INTO `productimage` VALUES (8246, 785, 'single');
INSERT INTO `productimage` VALUES (8247, 785, 'detail');
INSERT INTO `productimage` VALUES (8248, 785, 'detail');
INSERT INTO `productimage` VALUES (8249, 785, 'detail');
INSERT INTO `productimage` VALUES (8250, 785, 'detail');
INSERT INTO `productimage` VALUES (8251, 785, 'detail');
INSERT INTO `productimage` VALUES (8252, 785, 'detail');
INSERT INTO `productimage` VALUES (8253, 786, 'single');
INSERT INTO `productimage` VALUES (8254, 786, 'single');
INSERT INTO `productimage` VALUES (8255, 786, 'single');
INSERT INTO `productimage` VALUES (8256, 786, 'single');
INSERT INTO `productimage` VALUES (8257, 786, 'single');
INSERT INTO `productimage` VALUES (8258, 786, 'detail');
INSERT INTO `productimage` VALUES (8259, 786, 'detail');
INSERT INTO `productimage` VALUES (8260, 786, 'detail');
INSERT INTO `productimage` VALUES (8261, 786, 'detail');
INSERT INTO `productimage` VALUES (8262, 786, 'detail');
INSERT INTO `productimage` VALUES (8263, 786, 'detail');
INSERT INTO `productimage` VALUES (8264, 787, 'single');
INSERT INTO `productimage` VALUES (8265, 787, 'single');
INSERT INTO `productimage` VALUES (8266, 787, 'single');
INSERT INTO `productimage` VALUES (8267, 787, 'single');
INSERT INTO `productimage` VALUES (8268, 787, 'single');
INSERT INTO `productimage` VALUES (8269, 787, 'detail');
INSERT INTO `productimage` VALUES (8270, 787, 'detail');
INSERT INTO `productimage` VALUES (8271, 787, 'detail');
INSERT INTO `productimage` VALUES (8272, 787, 'detail');
INSERT INTO `productimage` VALUES (8273, 787, 'detail');
INSERT INTO `productimage` VALUES (8274, 787, 'detail');
INSERT INTO `productimage` VALUES (8275, 788, 'single');
INSERT INTO `productimage` VALUES (8276, 788, 'single');
INSERT INTO `productimage` VALUES (8277, 788, 'single');
INSERT INTO `productimage` VALUES (8278, 788, 'single');
INSERT INTO `productimage` VALUES (8279, 788, 'single');
INSERT INTO `productimage` VALUES (8280, 788, 'detail');
INSERT INTO `productimage` VALUES (8281, 788, 'detail');
INSERT INTO `productimage` VALUES (8282, 788, 'detail');
INSERT INTO `productimage` VALUES (8283, 788, 'detail');
INSERT INTO `productimage` VALUES (8284, 788, 'detail');
INSERT INTO `productimage` VALUES (8285, 788, 'detail');
INSERT INTO `productimage` VALUES (8891, 844, 'single');
INSERT INTO `productimage` VALUES (8892, 844, 'single');
INSERT INTO `productimage` VALUES (8893, 844, 'single');
INSERT INTO `productimage` VALUES (8894, 844, 'single');
INSERT INTO `productimage` VALUES (8895, 844, 'single');
INSERT INTO `productimage` VALUES (8896, 844, 'detail');
INSERT INTO `productimage` VALUES (8897, 844, 'detail');
INSERT INTO `productimage` VALUES (8898, 844, 'detail');
INSERT INTO `productimage` VALUES (8899, 844, 'detail');
INSERT INTO `productimage` VALUES (8900, 844, 'detail');
INSERT INTO `productimage` VALUES (8901, 844, 'detail');
INSERT INTO `productimage` VALUES (8902, 845, 'single');
INSERT INTO `productimage` VALUES (8903, 845, 'single');
INSERT INTO `productimage` VALUES (8904, 845, 'single');
INSERT INTO `productimage` VALUES (8905, 845, 'single');
INSERT INTO `productimage` VALUES (8906, 845, 'single');
INSERT INTO `productimage` VALUES (8907, 845, 'detail');
INSERT INTO `productimage` VALUES (8908, 845, 'detail');
INSERT INTO `productimage` VALUES (8909, 845, 'detail');
INSERT INTO `productimage` VALUES (8910, 845, 'detail');
INSERT INTO `productimage` VALUES (8911, 845, 'detail');
INSERT INTO `productimage` VALUES (8912, 845, 'detail');
INSERT INTO `productimage` VALUES (8913, 846, 'single');
INSERT INTO `productimage` VALUES (8914, 846, 'single');
INSERT INTO `productimage` VALUES (8915, 846, 'single');
INSERT INTO `productimage` VALUES (8916, 846, 'single');
INSERT INTO `productimage` VALUES (8917, 846, 'single');
INSERT INTO `productimage` VALUES (8918, 846, 'detail');
INSERT INTO `productimage` VALUES (8919, 846, 'detail');
INSERT INTO `productimage` VALUES (8920, 846, 'detail');
INSERT INTO `productimage` VALUES (8921, 846, 'detail');
INSERT INTO `productimage` VALUES (8922, 846, 'detail');
INSERT INTO `productimage` VALUES (8923, 846, 'detail');
INSERT INTO `productimage` VALUES (8924, 847, 'single');
INSERT INTO `productimage` VALUES (8925, 847, 'single');
INSERT INTO `productimage` VALUES (8926, 847, 'single');
INSERT INTO `productimage` VALUES (8927, 847, 'single');
INSERT INTO `productimage` VALUES (8928, 847, 'single');
INSERT INTO `productimage` VALUES (8929, 847, 'detail');
INSERT INTO `productimage` VALUES (8930, 847, 'detail');
INSERT INTO `productimage` VALUES (8931, 847, 'detail');
INSERT INTO `productimage` VALUES (8932, 847, 'detail');
INSERT INTO `productimage` VALUES (8933, 847, 'detail');
INSERT INTO `productimage` VALUES (8934, 847, 'detail');
INSERT INTO `productimage` VALUES (8935, 848, 'single');
INSERT INTO `productimage` VALUES (8936, 848, 'single');
INSERT INTO `productimage` VALUES (8937, 848, 'single');
INSERT INTO `productimage` VALUES (8938, 848, 'single');
INSERT INTO `productimage` VALUES (8939, 848, 'single');
INSERT INTO `productimage` VALUES (8940, 848, 'detail');
INSERT INTO `productimage` VALUES (8941, 848, 'detail');
INSERT INTO `productimage` VALUES (8942, 848, 'detail');
INSERT INTO `productimage` VALUES (8943, 848, 'detail');
INSERT INTO `productimage` VALUES (8944, 848, 'detail');
INSERT INTO `productimage` VALUES (8945, 848, 'detail');
INSERT INTO `productimage` VALUES (9495, 899, 'single');
INSERT INTO `productimage` VALUES (9496, 899, 'single');
INSERT INTO `productimage` VALUES (9497, 899, 'single');
INSERT INTO `productimage` VALUES (9498, 899, 'single');
INSERT INTO `productimage` VALUES (9499, 899, 'single');
INSERT INTO `productimage` VALUES (9500, 899, 'detail');
INSERT INTO `productimage` VALUES (9501, 899, 'detail');
INSERT INTO `productimage` VALUES (9502, 899, 'detail');
INSERT INTO `productimage` VALUES (9503, 899, 'detail');
INSERT INTO `productimage` VALUES (9504, 899, 'detail');
INSERT INTO `productimage` VALUES (9505, 899, 'detail');
INSERT INTO `productimage` VALUES (9506, 900, 'single');
INSERT INTO `productimage` VALUES (9507, 900, 'single');
INSERT INTO `productimage` VALUES (9508, 900, 'single');
INSERT INTO `productimage` VALUES (9509, 900, 'single');
INSERT INTO `productimage` VALUES (9510, 900, 'single');
INSERT INTO `productimage` VALUES (9511, 900, 'detail');
INSERT INTO `productimage` VALUES (9512, 900, 'detail');
INSERT INTO `productimage` VALUES (9513, 900, 'detail');
INSERT INTO `productimage` VALUES (9514, 900, 'detail');
INSERT INTO `productimage` VALUES (9515, 900, 'detail');
INSERT INTO `productimage` VALUES (9516, 900, 'detail');
INSERT INTO `productimage` VALUES (9517, 901, 'single');
INSERT INTO `productimage` VALUES (9518, 901, 'single');
INSERT INTO `productimage` VALUES (9519, 901, 'single');
INSERT INTO `productimage` VALUES (9520, 901, 'single');
INSERT INTO `productimage` VALUES (9521, 901, 'single');
INSERT INTO `productimage` VALUES (9522, 901, 'detail');
INSERT INTO `productimage` VALUES (9523, 901, 'detail');
INSERT INTO `productimage` VALUES (9524, 901, 'detail');
INSERT INTO `productimage` VALUES (9525, 901, 'detail');
INSERT INTO `productimage` VALUES (9526, 901, 'detail');
INSERT INTO `productimage` VALUES (9527, 901, 'detail');
INSERT INTO `productimage` VALUES (9528, 902, 'single');
INSERT INTO `productimage` VALUES (9529, 902, 'single');
INSERT INTO `productimage` VALUES (9530, 902, 'single');
INSERT INTO `productimage` VALUES (9531, 902, 'single');
INSERT INTO `productimage` VALUES (9532, 902, 'single');
INSERT INTO `productimage` VALUES (9533, 902, 'detail');
INSERT INTO `productimage` VALUES (9534, 902, 'detail');
INSERT INTO `productimage` VALUES (9535, 902, 'detail');
INSERT INTO `productimage` VALUES (9536, 902, 'detail');
INSERT INTO `productimage` VALUES (9537, 902, 'detail');
INSERT INTO `productimage` VALUES (9538, 902, 'detail');
INSERT INTO `productimage` VALUES (9539, 903, 'single');
INSERT INTO `productimage` VALUES (9540, 903, 'single');
INSERT INTO `productimage` VALUES (9541, 903, 'single');
INSERT INTO `productimage` VALUES (9542, 903, 'single');
INSERT INTO `productimage` VALUES (9543, 903, 'single');
INSERT INTO `productimage` VALUES (9544, 903, 'detail');
INSERT INTO `productimage` VALUES (9545, 903, 'detail');
INSERT INTO `productimage` VALUES (9546, 903, 'detail');
INSERT INTO `productimage` VALUES (9547, 903, 'detail');
INSERT INTO `productimage` VALUES (9548, 903, 'detail');
INSERT INTO `productimage` VALUES (9549, 903, 'detail');
INSERT INTO `productimage` VALUES (10144, 958, 'single');
INSERT INTO `productimage` VALUES (10145, 958, 'single');
INSERT INTO `productimage` VALUES (10146, 958, 'single');
INSERT INTO `productimage` VALUES (10147, 958, 'single');
INSERT INTO `productimage` VALUES (10148, 958, 'single');
INSERT INTO `productimage` VALUES (10149, 958, 'detail');
INSERT INTO `productimage` VALUES (10150, 958, 'detail');
INSERT INTO `productimage` VALUES (10151, 958, 'detail');
INSERT INTO `productimage` VALUES (10152, 958, 'detail');
INSERT INTO `productimage` VALUES (10153, 958, 'detail');
INSERT INTO `productimage` VALUES (10154, 958, 'detail');
INSERT INTO `productimage` VALUES (10155, 959, 'single');
INSERT INTO `productimage` VALUES (10156, 959, 'single');
INSERT INTO `productimage` VALUES (10157, 959, 'single');
INSERT INTO `productimage` VALUES (10158, 959, 'single');
INSERT INTO `productimage` VALUES (10159, 959, 'single');
INSERT INTO `productimage` VALUES (10160, 959, 'detail');
INSERT INTO `productimage` VALUES (10161, 959, 'detail');
INSERT INTO `productimage` VALUES (10162, 959, 'detail');
INSERT INTO `productimage` VALUES (10163, 959, 'detail');
INSERT INTO `productimage` VALUES (10164, 959, 'detail');
INSERT INTO `productimage` VALUES (10165, 959, 'detail');
INSERT INTO `productimage` VALUES (10166, 960, 'single');
INSERT INTO `productimage` VALUES (10167, 960, 'single');
INSERT INTO `productimage` VALUES (10168, 960, 'single');
INSERT INTO `productimage` VALUES (10169, 960, 'single');
INSERT INTO `productimage` VALUES (10170, 960, 'single');
INSERT INTO `productimage` VALUES (10171, 960, 'detail');
INSERT INTO `productimage` VALUES (10172, 960, 'detail');
INSERT INTO `productimage` VALUES (10173, 960, 'detail');
INSERT INTO `productimage` VALUES (10174, 960, 'detail');
INSERT INTO `productimage` VALUES (10175, 960, 'detail');
INSERT INTO `productimage` VALUES (10176, 960, 'detail');
INSERT INTO `productimage` VALUES (10177, 961, 'single');
INSERT INTO `productimage` VALUES (10178, 961, 'single');
INSERT INTO `productimage` VALUES (10179, 961, 'single');
INSERT INTO `productimage` VALUES (10180, 961, 'single');
INSERT INTO `productimage` VALUES (10181, 961, 'single');
INSERT INTO `productimage` VALUES (10182, 961, 'detail');
INSERT INTO `productimage` VALUES (10183, 961, 'detail');
INSERT INTO `productimage` VALUES (10184, 961, 'detail');
INSERT INTO `productimage` VALUES (10185, 961, 'detail');
INSERT INTO `productimage` VALUES (10186, 961, 'detail');
INSERT INTO `productimage` VALUES (10187, 961, 'detail');
INSERT INTO `productimage` VALUES (10188, 962, 'single');
INSERT INTO `productimage` VALUES (10189, 962, 'single');
INSERT INTO `productimage` VALUES (10190, 962, 'single');
INSERT INTO `productimage` VALUES (10191, 962, 'single');
INSERT INTO `productimage` VALUES (10192, 962, 'single');
INSERT INTO `productimage` VALUES (10193, 962, 'detail');
INSERT INTO `productimage` VALUES (10194, 962, 'detail');
INSERT INTO `productimage` VALUES (10195, 962, 'detail');
INSERT INTO `productimage` VALUES (10196, 962, 'detail');
INSERT INTO `productimage` VALUES (10197, 962, 'detail');
INSERT INTO `productimage` VALUES (10198, 962, 'detail');
INSERT INTO `productimage` VALUES (10199, 969, 'single');
INSERT INTO `productimage` VALUES (10202, 203, 'single');

-- ----------------------------
-- Table structure for property
-- ----------------------------
DROP TABLE IF EXISTS `property`;
CREATE TABLE `property`  (
  `id` int(11) NOT NULL AUTO_INCREMENT,
  `cid` int(11) NULL DEFAULT NULL,
  `name` varchar(255) CHARACTER SET utf8 COLLATE utf8_general_ci NULL DEFAULT NULL,
  PRIMARY KEY (`id`) USING BTREE,
  INDEX `fk_property_category`(`cid`) USING BTREE,
  CONSTRAINT `fk_property_category` FOREIGN KEY (`cid`) REFERENCES `category` (`id`) ON DELETE RESTRICT ON UPDATE CASCADE
) ENGINE = InnoDB AUTO_INCREMENT = 264 CHARACTER SET = utf8 COLLATE = utf8_general_ci ROW_FORMAT = Dynamic;

-- ----------------------------
-- Records of property
-- ----------------------------
INSERT INTO `property` VALUES (1, 83, '品牌');
INSERT INTO `property` VALUES (2, 83, '证书状态');
INSERT INTO `property` VALUES (3, 83, '3C产品型号');
INSERT INTO `property` VALUES (4, 83, '申请人名称');
INSERT INTO `property` VALUES (5, 83, '证书编号');
INSERT INTO `property` VALUES (6, 83, '分辨率');
INSERT INTO `property` VALUES (7, 83, '型号');
INSERT INTO `property` VALUES (8, 83, '制造商名称');
INSERT INTO `property` VALUES (9, 83, '网络连接方式');
INSERT INTO `property` VALUES (10, 83, '产品名称');
INSERT INTO `property` VALUES (11, 83, '能效等级');
INSERT INTO `property` VALUES (12, 83, '3D类型');
INSERT INTO `property` VALUES (13, 83, '操作系统');
INSERT INTO `property` VALUES (14, 82, '品牌');
INSERT INTO `property` VALUES (15, 82, '冲水按键类型');
INSERT INTO `property` VALUES (16, 82, '坐便器类型');
INSERT INTO `property` VALUES (17, 82, '盖板是否缓冲');
INSERT INTO `property` VALUES (18, 82, '型号');
INSERT INTO `property` VALUES (19, 82, '坐便器冲水方式');
INSERT INTO `property` VALUES (20, 82, '排水方式');
INSERT INTO `property` VALUES (21, 82, '材质');
INSERT INTO `property` VALUES (22, 82, '最小坑距');
INSERT INTO `property` VALUES (23, 82, '承重');
INSERT INTO `property` VALUES (24, 82, '颜色分类');
INSERT INTO `property` VALUES (25, 82, '坐便冲水量');
INSERT INTO `property` VALUES (26, 82, '同城服务');
INSERT INTO `property` VALUES (27, 81, '风格');
INSERT INTO `property` VALUES (28, 81, '城市');
INSERT INTO `property` VALUES (29, 81, '面料饰面工艺');
INSERT INTO `property` VALUES (30, 81, '是否带储物空间');
INSERT INTO `property` VALUES (31, 81, '包装体积');
INSERT INTO `property` VALUES (32, 81, '颜色分类');
INSERT INTO `property` VALUES (33, 81, '附加功能');
INSERT INTO `property` VALUES (34, 81, '是否可拆洗');
INSERT INTO `property` VALUES (35, 81, '结构工艺');
INSERT INTO `property` VALUES (36, 81, '设计元素');
INSERT INTO `property` VALUES (37, 81, '几人坐');
INSERT INTO `property` VALUES (38, 81, '图案');
INSERT INTO `property` VALUES (39, 81, '是否组装');
INSERT INTO `property` VALUES (40, 81, '面料');
INSERT INTO `property` VALUES (41, 81, '可送货/安装');
INSERT INTO `property` VALUES (42, 81, '木质结构工艺');
INSERT INTO `property` VALUES (43, 81, '沙发组合形式');
INSERT INTO `property` VALUES (44, 81, '产地');
INSERT INTO `property` VALUES (45, 81, '是否可定制');
INSERT INTO `property` VALUES (46, 81, '品牌');
INSERT INTO `property` VALUES (47, 81, '适用对象');
INSERT INTO `property` VALUES (48, 81, '材质');
INSERT INTO `property` VALUES (49, 81, '款式定位');
INSERT INTO `property` VALUES (50, 81, '填充物');
INSERT INTO `property` VALUES (51, 81, '填充物硬度');
INSERT INTO `property` VALUES (52, 81, '出租车是否可运输');
INSERT INTO `property` VALUES (53, 81, '型号');
INSERT INTO `property` VALUES (54, 81, '木质材质');
INSERT INTO `property` VALUES (55, 81, '是否可预售');
INSERT INTO `property` VALUES (56, 81, '安装说明详情');
INSERT INTO `property` VALUES (57, 80, '品牌');
INSERT INTO `property` VALUES (58, 80, '证书状态');
INSERT INTO `property` VALUES (59, 80, '3C产品型号');
INSERT INTO `property` VALUES (60, 80, '申请人名称');
INSERT INTO `property` VALUES (61, 80, '证书编号');
INSERT INTO `property` VALUES (62, 80, '型号');
INSERT INTO `property` VALUES (63, 80, '控制方式');
INSERT INTO `property` VALUES (64, 80, '制造商名称');
INSERT INTO `property` VALUES (65, 80, '款式');
INSERT INTO `property` VALUES (66, 80, '产品名称');
INSERT INTO `property` VALUES (67, 80, '能效等级');
INSERT INTO `property` VALUES (68, 79, '上市时间');
INSERT INTO `property` VALUES (69, 79, '款式');
INSERT INTO `property` VALUES (70, 79, '是否商场同款');
INSERT INTO `property` VALUES (71, 79, '货号');
INSERT INTO `property` VALUES (72, 79, '品牌');
INSERT INTO `property` VALUES (73, 78, '液晶显示');
INSERT INTO `property` VALUES (74, 78, '尘盒容量');
INSERT INTO `property` VALUES (75, 78, '外观造型');
INSERT INTO `property` VALUES (76, 78, '功能');
INSERT INTO `property` VALUES (77, 78, '最高高度');
INSERT INTO `property` VALUES (78, 78, '碰撞保护');
INSERT INTO `property` VALUES (79, 78, '是否自动充电');
INSERT INTO `property` VALUES (80, 78, '电池容量');
INSERT INTO `property` VALUES (81, 78, '有无虚拟墙');
INSERT INTO `property` VALUES (82, 78, '是否有定时预约功能');
INSERT INTO `property` VALUES (83, 78, '货号');
INSERT INTO `property` VALUES (84, 78, '颜色分类');
INSERT INTO `property` VALUES (85, 78, '清扫路线');
INSERT INTO `property` VALUES (86, 78, '是否带遥控器');
INSERT INTO `property` VALUES (87, 77, '品牌');
INSERT INTO `property` VALUES (88, 77, '转速');
INSERT INTO `property` VALUES (89, 77, '证书状态');
INSERT INTO `property` VALUES (90, 77, '3C产品型号');
INSERT INTO `property` VALUES (91, 77, '申请人名称');
INSERT INTO `property` VALUES (92, 77, '额定功率');
INSERT INTO `property` VALUES (93, 77, '证书编号');
INSERT INTO `property` VALUES (94, 77, '型号');
INSERT INTO `property` VALUES (95, 77, '制造商名称');
INSERT INTO `property` VALUES (96, 77, '附加功能');
INSERT INTO `property` VALUES (97, 77, '采购地');
INSERT INTO `property` VALUES (98, 77, '机身材质');
INSERT INTO `property` VALUES (99, 77, '颜色分类');
INSERT INTO `property` VALUES (100, 77, '产品名称');
INSERT INTO `property` VALUES (101, 77, '操作方式');
INSERT INTO `property` VALUES (102, 76, '冰箱冷柜机型');
INSERT INTO `property` VALUES (103, 76, '证书状态');
INSERT INTO `property` VALUES (104, 76, '箱门结构');
INSERT INTO `property` VALUES (105, 76, '美菱冰箱型号');
INSERT INTO `property` VALUES (106, 76, '3C产品型号');
INSERT INTO `property` VALUES (107, 76, '申请人名称');
INSERT INTO `property` VALUES (108, 76, '证书编号');
INSERT INTO `property` VALUES (109, 76, '制造商名称');
INSERT INTO `property` VALUES (110, 76, '制冷方式');
INSERT INTO `property` VALUES (111, 76, '产品名称');
INSERT INTO `property` VALUES (112, 76, '能效等级');
INSERT INTO `property` VALUES (113, 75, '空调类型');
INSERT INTO `property` VALUES (114, 75, '证书状态');
INSERT INTO `property` VALUES (115, 75, '证书编号');
INSERT INTO `property` VALUES (116, 75, '海信空调型号');
INSERT INTO `property` VALUES (117, 75, '工作方式');
INSERT INTO `property` VALUES (118, 75, '冷暖类型');
INSERT INTO `property` VALUES (119, 75, '产品名称');
INSERT INTO `property` VALUES (120, 75, '能效等级');
INSERT INTO `property` VALUES (121, 75, '空调功率');
INSERT INTO `property` VALUES (122, 75, '适用面积');
INSERT INTO `property` VALUES (123, 74, '风格');
INSERT INTO `property` VALUES (124, 74, '颜色分类');
INSERT INTO `property` VALUES (125, 74, '显示方式');
INSERT INTO `property` VALUES (126, 74, '表壳材质');
INSERT INTO `property` VALUES (127, 74, '机芯类型');
INSERT INTO `property` VALUES (128, 74, '手表镜面材质');
INSERT INTO `property` VALUES (129, 74, '机芯产地');
INSERT INTO `property` VALUES (130, 74, '表盘厚度');
INSERT INTO `property` VALUES (131, 74, '品牌产地');
INSERT INTO `property` VALUES (132, 74, '成色');
INSERT INTO `property` VALUES (133, 74, '表盘直径');
INSERT INTO `property` VALUES (134, 74, '上市时间');
INSERT INTO `property` VALUES (135, 74, '表带材质');
INSERT INTO `property` VALUES (136, 74, '保修');
INSERT INTO `property` VALUES (137, 74, '品牌');
INSERT INTO `property` VALUES (138, 74, '形状');
INSERT INTO `property` VALUES (139, 74, '防水深度');
INSERT INTO `property` VALUES (140, 74, '流行元素');
INSERT INTO `property` VALUES (141, 74, '手表种类');
INSERT INTO `property` VALUES (142, 74, '型号');
INSERT INTO `property` VALUES (143, 73, '风格');
INSERT INTO `property` VALUES (144, 73, '颜色分类');
INSERT INTO `property` VALUES (145, 73, '显示方式');
INSERT INTO `property` VALUES (146, 73, '表壳材质');
INSERT INTO `property` VALUES (147, 73, '机芯类型');
INSERT INTO `property` VALUES (148, 73, '手表镜面材质');
INSERT INTO `property` VALUES (149, 73, '表扣款式');
INSERT INTO `property` VALUES (150, 73, '表盘厚度');
INSERT INTO `property` VALUES (151, 73, '品牌产地');
INSERT INTO `property` VALUES (152, 73, '表盘直径');
INSERT INTO `property` VALUES (153, 73, '成色');
INSERT INTO `property` VALUES (154, 73, '上市时间');
INSERT INTO `property` VALUES (155, 73, '表带材质');
INSERT INTO `property` VALUES (156, 73, '保修');
INSERT INTO `property` VALUES (157, 73, '品牌');
INSERT INTO `property` VALUES (158, 73, '形状');
INSERT INTO `property` VALUES (159, 73, '防水深度');
INSERT INTO `property` VALUES (160, 73, '表底类型');
INSERT INTO `property` VALUES (161, 73, '表冠类型');
INSERT INTO `property` VALUES (162, 73, '流行元素');
INSERT INTO `property` VALUES (163, 73, '手表种类');
INSERT INTO `property` VALUES (164, 73, '型号');
INSERT INTO `property` VALUES (165, 72, '风格');
INSERT INTO `property` VALUES (166, 72, '大小');
INSERT INTO `property` VALUES (167, 72, '内部结构');
INSERT INTO `property` VALUES (168, 72, '颜色分类');
INSERT INTO `property` VALUES (169, 72, '箱包硬度');
INSERT INTO `property` VALUES (170, 72, '款式');
INSERT INTO `property` VALUES (171, 72, '图案');
INSERT INTO `property` VALUES (172, 72, '成色');
INSERT INTO `property` VALUES (173, 72, '里料材质');
INSERT INTO `property` VALUES (174, 72, '上市时间');
INSERT INTO `property` VALUES (175, 72, '品牌');
INSERT INTO `property` VALUES (176, 72, '形状');
INSERT INTO `property` VALUES (177, 72, '箱包外袋种类');
INSERT INTO `property` VALUES (178, 72, '适用对象');
INSERT INTO `property` VALUES (179, 72, '质地');
INSERT INTO `property` VALUES (180, 72, '拿包方式');
INSERT INTO `property` VALUES (181, 72, '适用场景');
INSERT INTO `property` VALUES (182, 72, '提拎部件类型');
INSERT INTO `property` VALUES (183, 72, '闭合方式');
INSERT INTO `property` VALUES (184, 72, '是否可折叠');
INSERT INTO `property` VALUES (185, 72, '有无夹层');
INSERT INTO `property` VALUES (186, 72, '货号');
INSERT INTO `property` VALUES (187, 72, '皮革材质');
INSERT INTO `property` VALUES (188, 71, '销售渠道类型');
INSERT INTO `property` VALUES (189, 71, '面料分类');
INSERT INTO `property` VALUES (190, 71, '上市年份季节');
INSERT INTO `property` VALUES (191, 71, '品牌');
INSERT INTO `property` VALUES (192, 71, '货号');
INSERT INTO `property` VALUES (193, 71, '基础风格');
INSERT INTO `property` VALUES (194, 71, '材质成分');
INSERT INTO `property` VALUES (195, 71, '厚薄');
INSERT INTO `property` VALUES (196, 69, '风格');
INSERT INTO `property` VALUES (197, 69, '鞋面材质');
INSERT INTO `property` VALUES (198, 69, '低帮鞋品名');
INSERT INTO `property` VALUES (199, 69, '鞋底材质');
INSERT INTO `property` VALUES (200, 69, '颜色分类');
INSERT INTO `property` VALUES (201, 69, '上市年份季节');
INSERT INTO `property` VALUES (202, 69, '款式');
INSERT INTO `property` VALUES (203, 69, '图案');
INSERT INTO `property` VALUES (204, 69, '鞋面内里材质');
INSERT INTO `property` VALUES (205, 69, '季节');
INSERT INTO `property` VALUES (206, 69, '细分风格');
INSERT INTO `property` VALUES (207, 69, '鞋跟高');
INSERT INTO `property` VALUES (208, 69, '品牌');
INSERT INTO `property` VALUES (209, 69, '适用对象');
INSERT INTO `property` VALUES (210, 69, '销售渠道类型');
INSERT INTO `property` VALUES (211, 69, '功能');
INSERT INTO `property` VALUES (212, 69, '鞋制作工艺');
INSERT INTO `property` VALUES (213, 69, '尺码');
INSERT INTO `property` VALUES (214, 69, '闭合方式');
INSERT INTO `property` VALUES (215, 69, '流行元素');
INSERT INTO `property` VALUES (216, 69, '跟底款式');
INSERT INTO `property` VALUES (217, 69, '货号');
INSERT INTO `property` VALUES (218, 69, '鞋头款式');
INSERT INTO `property` VALUES (219, 69, '鞋垫材质');
INSERT INTO `property` VALUES (220, 69, '场合');
INSERT INTO `property` VALUES (221, 68, '适用年龄');
INSERT INTO `property` VALUES (222, 68, '颜色分类');
INSERT INTO `property` VALUES (223, 68, '上市年份季节');
INSERT INTO `property` VALUES (224, 68, '尺码');
INSERT INTO `property` VALUES (225, 68, '货号');
INSERT INTO `property` VALUES (226, 68, '品牌');
INSERT INTO `property` VALUES (227, 68, '材质成分');
INSERT INTO `property` VALUES (228, 64, '品牌');
INSERT INTO `property` VALUES (229, 64, '产地');
INSERT INTO `property` VALUES (230, 64, '上市时间');
INSERT INTO `property` VALUES (231, 64, '型号');
INSERT INTO `property` VALUES (232, 64, '功能');
INSERT INTO `property` VALUES (233, 64, '适用性别');
INSERT INTO `property` VALUES (234, 64, '风格');
INSERT INTO `property` VALUES (235, 64, '价格区间');
INSERT INTO `property` VALUES (236, 64, '眼镜配件类型');
INSERT INTO `property` VALUES (237, 64, '是否商场同款');
INSERT INTO `property` VALUES (238, 64, '镜片材质');
INSERT INTO `property` VALUES (239, 64, '货号');
INSERT INTO `property` VALUES (240, 64, '颜色分类');
INSERT INTO `property` VALUES (241, 64, '是否可调');
INSERT INTO `property` VALUES (242, 64, '适合脸型');
INSERT INTO `property` VALUES (243, 60, '产地');
INSERT INTO `property` VALUES (244, 60, '证书状态');
INSERT INTO `property` VALUES (245, 60, '3C产品型号');
INSERT INTO `property` VALUES (246, 60, '申请人名称');
INSERT INTO `property` VALUES (247, 60, '安装接口');
INSERT INTO `property` VALUES (248, 60, '适合体重');
INSERT INTO `property` VALUES (249, 60, '证书编号');
INSERT INTO `property` VALUES (250, 60, '型号');
INSERT INTO `property` VALUES (251, 60, '制造商名称');
INSERT INTO `property` VALUES (252, 60, '颜色分类');
INSERT INTO `property` VALUES (253, 60, '款式');
INSERT INTO `property` VALUES (254, 60, '产品名称');
INSERT INTO `property` VALUES (255, 60, '人体固定方式');
INSERT INTO `property` VALUES (256, 60, '安全座椅品牌');
INSERT INTO `property` VALUES (257, 60, '适用年龄');
INSERT INTO `property` VALUES (259, 83, 'a222');
INSERT INTO `property` VALUES (262, 90, '恩');

-- ----------------------------
-- Table structure for propertyvalue
-- ----------------------------
DROP TABLE IF EXISTS `propertyvalue`;
CREATE TABLE `propertyvalue`  (
  `id` int(11) NOT NULL AUTO_INCREMENT,
  `pid` int(11) NULL DEFAULT NULL,
  `ptid` int(11) NULL DEFAULT NULL,
  `value` varchar(255) CHARACTER SET utf8 COLLATE utf8_general_ci NULL DEFAULT NULL,
  PRIMARY KEY (`id`) USING BTREE,
  INDEX `fk_propertyvalue_property`(`ptid`) USING BTREE,
  INDEX `fk_propertyvalue_product`(`pid`) USING BTREE,
  CONSTRAINT `fk_propertyvalue_product` FOREIGN KEY (`pid`) REFERENCES `product` (`id`) ON DELETE CASCADE ON UPDATE CASCADE,
  CONSTRAINT `fk_propertyvalue_property` FOREIGN KEY (`ptid`) REFERENCES `property` (`id`) ON DELETE CASCADE ON UPDATE CASCADE
) ENGINE = InnoDB CHARACTER SET = utf8 COLLATE = utf8_general_ci ROW_FORMAT = Dynamic;

-- ----------------------------
-- Records of propertyvalue
-- ----------------------------
INSERT INTO `propertyvalue` VALUES (716, 87, 13, 'VIDAA');
INSERT INTO `propertyvalue` VALUES (717, 87, 12, '无');
INSERT INTO `propertyvalue` VALUES (718, 87, 11, '一级');
INSERT INTO `propertyvalue` VALUES (719, 87, 10, 'Hisense/海信 LED60EC660...');
INSERT INTO `propertyvalue` VALUES (720, 87, 9, '全部支持');
INSERT INTO `propertyvalue` VALUES (721, 87, 8, '青岛海信电器股份有限公司');
INSERT INTO `propertyvalue` VALUES (722, 87, 7, 'LED60EC660US');
INSERT INTO `propertyvalue` VALUES (723, 87, 6, '3840x2160');
INSERT INTO `propertyvalue` VALUES (724, 87, 5, '2016010808835313');
INSERT INTO `propertyvalue` VALUES (725, 87, 4, '青岛海信电器股份有限公司');
INSERT INTO `propertyvalue` VALUES (726, 87, 3, 'LED60K5500U、LED60EC660US');
INSERT INTO `propertyvalue` VALUES (727, 87, 2, '有效');
INSERT INTO `propertyvalue` VALUES (728, 87, 1, 'Hisense/海信');
INSERT INTO `propertyvalue` VALUES (729, 88, 13, 'VIDAA');
INSERT INTO `propertyvalue` VALUES (730, 88, 12, '无');
INSERT INTO `propertyvalue` VALUES (731, 88, 11, '一级');
INSERT INTO `propertyvalue` VALUES (732, 88, 10, 'Hisense/海信 LED60EC660...');
INSERT INTO `propertyvalue` VALUES (733, 88, 9, '全部支持');
INSERT INTO `propertyvalue` VALUES (734, 88, 8, '青岛海信电器股份有限公司');
INSERT INTO `propertyvalue` VALUES (735, 88, 7, 'LED60EC660US');
INSERT INTO `propertyvalue` VALUES (736, 88, 6, '3840x2160');
INSERT INTO `propertyvalue` VALUES (737, 88, 5, '2016010808835313');
INSERT INTO `propertyvalue` VALUES (738, 88, 4, '青岛海信电器股份有限公司');
INSERT INTO `propertyvalue` VALUES (739, 88, 3, 'LED60K5500U、LED60EC660US');
INSERT INTO `propertyvalue` VALUES (740, 88, 2, '有效');
INSERT INTO `propertyvalue` VALUES (741, 88, 1, 'Hisense/海信');
INSERT INTO `propertyvalue` VALUES (742, 89, 13, 'VIDAA');
INSERT INTO `propertyvalue` VALUES (743, 89, 12, '无');
INSERT INTO `propertyvalue` VALUES (744, 89, 11, '一级');
INSERT INTO `propertyvalue` VALUES (745, 89, 10, 'Hisense/海信 LED60EC660...');
INSERT INTO `propertyvalue` VALUES (746, 89, 9, '全部支持');
INSERT INTO `propertyvalue` VALUES (747, 89, 8, '青岛海信电器股份有限公司');
INSERT INTO `propertyvalue` VALUES (748, 89, 7, 'LED60EC660US');
INSERT INTO `propertyvalue` VALUES (749, 89, 6, '3840x2160');
INSERT INTO `propertyvalue` VALUES (750, 89, 5, '2016010808835313');
INSERT INTO `propertyvalue` VALUES (751, 89, 4, '青岛海信电器股份有限公司');
INSERT INTO `propertyvalue` VALUES (752, 89, 3, 'LED60K5500U、LED60EC660US');
INSERT INTO `propertyvalue` VALUES (753, 89, 2, '有效');
INSERT INTO `propertyvalue` VALUES (754, 89, 1, 'Hisense/海信');
INSERT INTO `propertyvalue` VALUES (755, 90, 13, 'VIDAA');
INSERT INTO `propertyvalue` VALUES (756, 90, 12, '无');
INSERT INTO `propertyvalue` VALUES (757, 90, 11, '一级');
INSERT INTO `propertyvalue` VALUES (758, 90, 10, 'Hisense/海信 LED60EC660...');
INSERT INTO `propertyvalue` VALUES (759, 90, 9, '全部支持');
INSERT INTO `propertyvalue` VALUES (760, 90, 8, '青岛海信电器股份有限公司');
INSERT INTO `propertyvalue` VALUES (761, 90, 7, 'LED60EC660US');
INSERT INTO `propertyvalue` VALUES (762, 90, 6, '3840x2160');
INSERT INTO `propertyvalue` VALUES (763, 90, 5, '2016010808835313');
INSERT INTO `propertyvalue` VALUES (764, 90, 4, '青岛海信电器股份有限公司');
INSERT INTO `propertyvalue` VALUES (765, 90, 3, 'LED60K5500U、LED60EC660US');
INSERT INTO `propertyvalue` VALUES (766, 90, 2, '有效');
INSERT INTO `propertyvalue` VALUES (767, 90, 1, 'Hisense/海信');
INSERT INTO `propertyvalue` VALUES (768, 91, 13, 'VIDAA');
INSERT INTO `propertyvalue` VALUES (769, 91, 12, '无');
INSERT INTO `propertyvalue` VALUES (770, 91, 11, '一级');
INSERT INTO `propertyvalue` VALUES (771, 91, 10, 'Hisense/海信 LED60EC660...');
INSERT INTO `propertyvalue` VALUES (772, 91, 9, '全部支持');
INSERT INTO `propertyvalue` VALUES (773, 91, 8, '青岛海信电器股份有限公司');
INSERT INTO `propertyvalue` VALUES (774, 91, 7, 'LED60EC660US');
INSERT INTO `propertyvalue` VALUES (775, 91, 6, '3840x2160');
INSERT INTO `propertyvalue` VALUES (776, 91, 5, '2016010808835313');
INSERT INTO `propertyvalue` VALUES (777, 91, 4, '青岛海信电器股份有限公司');
INSERT INTO `propertyvalue` VALUES (778, 91, 3, 'LED60K5500U、LED60EC660US');
INSERT INTO `propertyvalue` VALUES (779, 91, 2, '有效');
INSERT INTO `propertyvalue` VALUES (780, 91, 1, 'Hisense/海信');
INSERT INTO `propertyvalue` VALUES (1483, 147, 26, '同城物流送货上门');
INSERT INTO `propertyvalue` VALUES (1484, 147, 25, '3/6L');
INSERT INTO `propertyvalue` VALUES (1485, 147, 24, '【箭牌头牌 收藏送原装配件 12大中心仓极速发货】 【699元加购箭牌热销花洒AE3310B】 咨询客服，单拍不发货');
INSERT INTO `propertyvalue` VALUES (1486, 147, 23, '70kg及以上');
INSERT INTO `propertyvalue` VALUES (1487, 147, 22, '305mm 400mm');
INSERT INTO `propertyvalue` VALUES (1488, 147, 21, 'PP板');
INSERT INTO `propertyvalue` VALUES (1489, 147, 20, '地排水');
INSERT INTO `propertyvalue` VALUES (1490, 147, 19, '喷射虹吸式');
INSERT INTO `propertyvalue` VALUES (1491, 147, 18, 'AB1116');
INSERT INTO `propertyvalue` VALUES (1492, 147, 17, '缓冲');
INSERT INTO `propertyvalue` VALUES (1493, 147, 16, '连体式');
INSERT INTO `propertyvalue` VALUES (1494, 147, 15, '上按两端式');
INSERT INTO `propertyvalue` VALUES (1495, 147, 14, 'ARROW/箭牌');
INSERT INTO `propertyvalue` VALUES (1496, 148, 26, '同城物流送货上门');
INSERT INTO `propertyvalue` VALUES (1497, 148, 25, '3/6L');
INSERT INTO `propertyvalue` VALUES (1498, 148, 24, '【箭牌头牌 收藏送原装配件 12大中心仓极速发货】 【699元加购箭牌热销花洒AE3310B】 咨询客服，单拍不发货');
INSERT INTO `propertyvalue` VALUES (1499, 148, 23, '70kg及以上');
INSERT INTO `propertyvalue` VALUES (1500, 148, 22, '305mm 400mm');
INSERT INTO `propertyvalue` VALUES (1501, 148, 21, 'PP板');
INSERT INTO `propertyvalue` VALUES (1502, 148, 20, '地排水');
INSERT INTO `propertyvalue` VALUES (1503, 148, 19, '喷射虹吸式');
INSERT INTO `propertyvalue` VALUES (1504, 148, 18, 'AB1116');
INSERT INTO `propertyvalue` VALUES (1505, 148, 17, '缓冲');
INSERT INTO `propertyvalue` VALUES (1506, 148, 16, '连体式');
INSERT INTO `propertyvalue` VALUES (1507, 148, 15, '上按两端式');
INSERT INTO `propertyvalue` VALUES (1508, 148, 14, 'ARROW/箭牌');
INSERT INTO `propertyvalue` VALUES (1509, 149, 26, '同城物流送货上门');
INSERT INTO `propertyvalue` VALUES (1510, 149, 25, '3/6L');
INSERT INTO `propertyvalue` VALUES (1511, 149, 24, '【箭牌头牌 收藏送原装配件 12大中心仓极速发货】 【699元加购箭牌热销花洒AE3310B】 咨询客服，单拍不发货');
INSERT INTO `propertyvalue` VALUES (1512, 149, 23, '70kg及以上');
INSERT INTO `propertyvalue` VALUES (1513, 149, 22, '305mm 400mm');
INSERT INTO `propertyvalue` VALUES (1514, 149, 21, 'PP板');
INSERT INTO `propertyvalue` VALUES (1515, 149, 20, '地排水');
INSERT INTO `propertyvalue` VALUES (1516, 149, 19, '喷射虹吸式');
INSERT INTO `propertyvalue` VALUES (1517, 149, 18, 'AB1116');
INSERT INTO `propertyvalue` VALUES (1518, 149, 17, '缓冲');
INSERT INTO `propertyvalue` VALUES (1519, 149, 16, '连体式');
INSERT INTO `propertyvalue` VALUES (1520, 149, 15, '上按两端式');
INSERT INTO `propertyvalue` VALUES (1521, 149, 14, 'ARROW/箭牌');
INSERT INTO `propertyvalue` VALUES (1522, 150, 26, '同城物流送货上门');
INSERT INTO `propertyvalue` VALUES (1523, 150, 25, '3/6L');
INSERT INTO `propertyvalue` VALUES (1524, 150, 24, '【箭牌头牌 收藏送原装配件 12大中心仓极速发货】 【699元加购箭牌热销花洒AE3310B】 咨询客服，单拍不发货');
INSERT INTO `propertyvalue` VALUES (1525, 150, 23, '70kg及以上');
INSERT INTO `propertyvalue` VALUES (1526, 150, 22, '305mm 400mm');
INSERT INTO `propertyvalue` VALUES (1527, 150, 21, 'PP板');
INSERT INTO `propertyvalue` VALUES (1528, 150, 20, '地排水');
INSERT INTO `propertyvalue` VALUES (1529, 150, 19, '喷射虹吸式');
INSERT INTO `propertyvalue` VALUES (1530, 150, 18, 'AB1116');
INSERT INTO `propertyvalue` VALUES (1531, 150, 17, '缓冲');
INSERT INTO `propertyvalue` VALUES (1532, 150, 16, '连体式');
INSERT INTO `propertyvalue` VALUES (1533, 150, 15, '上按两端式');
INSERT INTO `propertyvalue` VALUES (1534, 150, 14, 'ARROW/箭牌');
INSERT INTO `propertyvalue` VALUES (1535, 151, 26, '同城物流送货上门');
INSERT INTO `propertyvalue` VALUES (1536, 151, 25, '3/6L');
INSERT INTO `propertyvalue` VALUES (1537, 151, 24, '【箭牌头牌 收藏送原装配件 12大中心仓极速发货】 【699元加购箭牌热销花洒AE3310B】 咨询客服，单拍不发货');
INSERT INTO `propertyvalue` VALUES (1538, 151, 23, '70kg及以上');
INSERT INTO `propertyvalue` VALUES (1539, 151, 22, '305mm 400mm');
INSERT INTO `propertyvalue` VALUES (1540, 151, 21, 'PP板');
INSERT INTO `propertyvalue` VALUES (1541, 151, 20, '地排水');
INSERT INTO `propertyvalue` VALUES (1542, 151, 19, '喷射虹吸式');
INSERT INTO `propertyvalue` VALUES (1543, 151, 18, 'AB1116');
INSERT INTO `propertyvalue` VALUES (1544, 151, 17, '缓冲');
INSERT INTO `propertyvalue` VALUES (1545, 151, 16, '连体式');
INSERT INTO `propertyvalue` VALUES (1546, 151, 15, '上按两端式');
INSERT INTO `propertyvalue` VALUES (1547, 151, 14, 'ARROW/箭牌');
INSERT INTO `propertyvalue` VALUES (3048, 202, 56, '无安装说明');
INSERT INTO `propertyvalue` VALUES (3049, 202, 55, '是');
INSERT INTO `propertyvalue` VALUES (3050, 202, 54, '其他');
INSERT INTO `propertyvalue` VALUES (3051, 202, 53, '2040');
INSERT INTO `propertyvalue` VALUES (3052, 202, 52, '否');
INSERT INTO `propertyvalue` VALUES (3053, 202, 51, '软');
INSERT INTO `propertyvalue` VALUES (3054, 202, 50, '海绵');
INSERT INTO `propertyvalue` VALUES (3055, 202, 49, '经济型');
INSERT INTO `propertyvalue` VALUES (3056, 202, 48, '木');
INSERT INTO `propertyvalue` VALUES (3057, 202, 47, '成人');
INSERT INTO `propertyvalue` VALUES (3058, 202, 46, '林氏木业');
INSERT INTO `propertyvalue` VALUES (3059, 202, 45, '否');
INSERT INTO `propertyvalue` VALUES (3060, 202, 44, '广东省');
INSERT INTO `propertyvalue` VALUES (3061, 202, 43, 'L形');
INSERT INTO `propertyvalue` VALUES (3062, 202, 42, '拼板');
INSERT INTO `propertyvalue` VALUES (3063, 202, 41, '其他 北京 上海 天津');
INSERT INTO `propertyvalue` VALUES (3064, 202, 40, '绒质');
INSERT INTO `propertyvalue` VALUES (3065, 202, 39, '整装');
INSERT INTO `propertyvalue` VALUES (3066, 202, 38, '艺术');
INSERT INTO `propertyvalue` VALUES (3067, 202, 37, 'A银灰/B藏蓝/C香槟三色选');
INSERT INTO `propertyvalue` VALUES (3068, 202, 36, '大师设计');
INSERT INTO `propertyvalue` VALUES (3069, 202, 35, '木质工艺');
INSERT INTO `propertyvalue` VALUES (3070, 202, 34, '是');
INSERT INTO `propertyvalue` VALUES (3071, 202, 33, '升降');
INSERT INTO `propertyvalue` VALUES (3073, 202, 31, '2.93');
INSERT INTO `propertyvalue` VALUES (3074, 202, 30, '是');
INSERT INTO `propertyvalue` VALUES (3075, 202, 29, '植绒');
INSERT INTO `propertyvalue` VALUES (3076, 202, 28, '佛山市');
INSERT INTO `propertyvalue` VALUES (3077, 202, 27, '简约现代');
INSERT INTO `propertyvalue` VALUES (3078, 203, 56, '无安装说明');
INSERT INTO `propertyvalue` VALUES (3079, 203, 55, '是');
INSERT INTO `propertyvalue` VALUES (3080, 203, 54, '其他');
INSERT INTO `propertyvalue` VALUES (3081, 203, 53, '2040');
INSERT INTO `propertyvalue` VALUES (3082, 203, 52, '否');
INSERT INTO `propertyvalue` VALUES (3083, 203, 51, '软');
INSERT INTO `propertyvalue` VALUES (3084, 203, 50, '海绵');
INSERT INTO `propertyvalue` VALUES (3085, 203, 49, '经济型');
INSERT INTO `propertyvalue` VALUES (3086, 203, 48, '木');
INSERT INTO `propertyvalue` VALUES (3087, 203, 47, '成人');
INSERT INTO `propertyvalue` VALUES (3088, 203, 46, '林氏木业');
INSERT INTO `propertyvalue` VALUES (3089, 203, 45, '否');
INSERT INTO `propertyvalue` VALUES (3090, 203, 44, '广东省');
INSERT INTO `propertyvalue` VALUES (3091, 203, 43, 'L形');
INSERT INTO `propertyvalue` VALUES (3092, 203, 42, '拼板');
INSERT INTO `propertyvalue` VALUES (3093, 203, 41, '其他 北京 上海 天津');
INSERT INTO `propertyvalue` VALUES (3094, 203, 40, '绒质');
INSERT INTO `propertyvalue` VALUES (3095, 203, 39, '整装');
INSERT INTO `propertyvalue` VALUES (3096, 203, 38, '艺术');
INSERT INTO `propertyvalue` VALUES (3097, 203, 37, 'A银灰/B藏蓝/C香槟三色选');
INSERT INTO `propertyvalue` VALUES (3098, 203, 36, '大师设计');
INSERT INTO `propertyvalue` VALUES (3099, 203, 35, '木质工艺');
INSERT INTO `propertyvalue` VALUES (3100, 203, 34, '是');
INSERT INTO `propertyvalue` VALUES (3101, 203, 33, '升降');
INSERT INTO `propertyvalue` VALUES (3103, 203, 31, '2.93');
INSERT INTO `propertyvalue` VALUES (3104, 203, 30, '是');
INSERT INTO `propertyvalue` VALUES (3105, 203, 29, '植绒');
INSERT INTO `propertyvalue` VALUES (3106, 203, 28, '佛山市');
INSERT INTO `propertyvalue` VALUES (3107, 203, 27, '简约现代');
INSERT INTO `propertyvalue` VALUES (3108, 204, 56, '无安装说明');
INSERT INTO `propertyvalue` VALUES (3109, 204, 55, '是');
INSERT INTO `propertyvalue` VALUES (3110, 204, 54, '其他');
INSERT INTO `propertyvalue` VALUES (3111, 204, 53, '2040');
INSERT INTO `propertyvalue` VALUES (3112, 204, 52, '否');
INSERT INTO `propertyvalue` VALUES (3113, 204, 51, '软');
INSERT INTO `propertyvalue` VALUES (3114, 204, 50, '海绵');
INSERT INTO `propertyvalue` VALUES (3115, 204, 49, '经济型');
INSERT INTO `propertyvalue` VALUES (3116, 204, 48, '木');
INSERT INTO `propertyvalue` VALUES (3117, 204, 47, '成人');
INSERT INTO `propertyvalue` VALUES (3118, 204, 46, '林氏木业');
INSERT INTO `propertyvalue` VALUES (3119, 204, 45, '否');
INSERT INTO `propertyvalue` VALUES (3120, 204, 44, '广东省');
INSERT INTO `propertyvalue` VALUES (3121, 204, 43, 'L形');
INSERT INTO `propertyvalue` VALUES (3122, 204, 42, '拼板');
INSERT INTO `propertyvalue` VALUES (3123, 204, 41, '其他 北京 上海 天津');
INSERT INTO `propertyvalue` VALUES (3124, 204, 40, '绒质');
INSERT INTO `propertyvalue` VALUES (3125, 204, 39, '整装');
INSERT INTO `propertyvalue` VALUES (3126, 204, 38, '艺术');
INSERT INTO `propertyvalue` VALUES (3127, 204, 37, 'A银灰/B藏蓝/C香槟三色选');
INSERT INTO `propertyvalue` VALUES (3128, 204, 36, '大师设计');
INSERT INTO `propertyvalue` VALUES (3129, 204, 35, '木质工艺');
INSERT INTO `propertyvalue` VALUES (3130, 204, 34, '是');
INSERT INTO `propertyvalue` VALUES (3131, 204, 33, '升降');
INSERT INTO `propertyvalue` VALUES (3133, 204, 31, '2.93');
INSERT INTO `propertyvalue` VALUES (3134, 204, 30, '是');
INSERT INTO `propertyvalue` VALUES (3135, 204, 29, '植绒');
INSERT INTO `propertyvalue` VALUES (3136, 204, 28, '佛山市');
INSERT INTO `propertyvalue` VALUES (3137, 204, 27, '简约现代');
INSERT INTO `propertyvalue` VALUES (3138, 205, 56, '无安装说明');
INSERT INTO `propertyvalue` VALUES (3139, 205, 55, '是');
INSERT INTO `propertyvalue` VALUES (3140, 205, 54, '其他');
INSERT INTO `propertyvalue` VALUES (3141, 205, 53, '2040');
INSERT INTO `propertyvalue` VALUES (3142, 205, 52, '否');
INSERT INTO `propertyvalue` VALUES (3143, 205, 51, '软');
INSERT INTO `propertyvalue` VALUES (3144, 205, 50, '海绵');
INSERT INTO `propertyvalue` VALUES (3145, 205, 49, '经济型');
INSERT INTO `propertyvalue` VALUES (3146, 205, 48, '木');
INSERT INTO `propertyvalue` VALUES (3147, 205, 47, '成人');
INSERT INTO `propertyvalue` VALUES (3148, 205, 46, '林氏木业');
INSERT INTO `propertyvalue` VALUES (3149, 205, 45, '否');
INSERT INTO `propertyvalue` VALUES (3150, 205, 44, '广东省');
INSERT INTO `propertyvalue` VALUES (3151, 205, 43, 'L形');
INSERT INTO `propertyvalue` VALUES (3152, 205, 42, '拼板');
INSERT INTO `propertyvalue` VALUES (3153, 205, 41, '其他 北京 上海 天津');
INSERT INTO `propertyvalue` VALUES (3154, 205, 40, '绒质');
INSERT INTO `propertyvalue` VALUES (3155, 205, 39, '整装');
INSERT INTO `propertyvalue` VALUES (3156, 205, 38, '艺术');
INSERT INTO `propertyvalue` VALUES (3157, 205, 37, 'A银灰/B藏蓝/C香槟三色选');
INSERT INTO `propertyvalue` VALUES (3158, 205, 36, '大师设计');
INSERT INTO `propertyvalue` VALUES (3159, 205, 35, '木质工艺');
INSERT INTO `propertyvalue` VALUES (3160, 205, 34, '是');
INSERT INTO `propertyvalue` VALUES (3161, 205, 33, '升降');
INSERT INTO `propertyvalue` VALUES (3163, 205, 31, '2.93');
INSERT INTO `propertyvalue` VALUES (3164, 205, 30, '是');
INSERT INTO `propertyvalue` VALUES (3165, 205, 29, '植绒');
INSERT INTO `propertyvalue` VALUES (3166, 205, 28, '佛山市');
INSERT INTO `propertyvalue` VALUES (3167, 205, 27, '简约现代');
INSERT INTO `propertyvalue` VALUES (3168, 206, 56, '无安装说明');
INSERT INTO `propertyvalue` VALUES (3169, 206, 55, '是');
INSERT INTO `propertyvalue` VALUES (3170, 206, 54, '其他');
INSERT INTO `propertyvalue` VALUES (3171, 206, 53, '2040');
INSERT INTO `propertyvalue` VALUES (3172, 206, 52, '否');
INSERT INTO `propertyvalue` VALUES (3173, 206, 51, '软');
INSERT INTO `propertyvalue` VALUES (3174, 206, 50, '海绵');
INSERT INTO `propertyvalue` VALUES (3175, 206, 49, '经济型');
INSERT INTO `propertyvalue` VALUES (3176, 206, 48, '木');
INSERT INTO `propertyvalue` VALUES (3177, 206, 47, '成人');
INSERT INTO `propertyvalue` VALUES (3178, 206, 46, '林氏木业');
INSERT INTO `propertyvalue` VALUES (3179, 206, 45, '否');
INSERT INTO `propertyvalue` VALUES (3180, 206, 44, '广东省');
INSERT INTO `propertyvalue` VALUES (3181, 206, 43, 'L形');
INSERT INTO `propertyvalue` VALUES (3182, 206, 42, '拼板');
INSERT INTO `propertyvalue` VALUES (3183, 206, 41, '其他 北京 上海 天津');
INSERT INTO `propertyvalue` VALUES (3184, 206, 40, '绒质');
INSERT INTO `propertyvalue` VALUES (3185, 206, 39, '整装');
INSERT INTO `propertyvalue` VALUES (3186, 206, 38, '艺术');
INSERT INTO `propertyvalue` VALUES (3187, 206, 37, 'A银灰/B藏蓝/C香槟三色选');
INSERT INTO `propertyvalue` VALUES (3188, 206, 36, '大师设计');
INSERT INTO `propertyvalue` VALUES (3189, 206, 35, '木质工艺');
INSERT INTO `propertyvalue` VALUES (3190, 206, 34, '是');
INSERT INTO `propertyvalue` VALUES (3191, 206, 33, '升降');
INSERT INTO `propertyvalue` VALUES (3193, 206, 31, '2.93');
INSERT INTO `propertyvalue` VALUES (3194, 206, 30, '是');
INSERT INTO `propertyvalue` VALUES (3195, 206, 29, '植绒');
INSERT INTO `propertyvalue` VALUES (3196, 206, 28, '佛山市');
INSERT INTO `propertyvalue` VALUES (3197, 206, 27, '简约现代');
INSERT INTO `propertyvalue` VALUES (3803, 262, 67, '一级');
INSERT INTO `propertyvalue` VALUES (3804, 262, 66, 'A．O．Smith/史密斯 F160');
INSERT INTO `propertyvalue` VALUES (3805, 262, 65, '横式');
INSERT INTO `propertyvalue` VALUES (3806, 262, 64, '艾欧史密斯(中国)热水器有限公司');
INSERT INTO `propertyvalue` VALUES (3807, 262, 63, '机械式');
INSERT INTO `propertyvalue` VALUES (3808, 262, 62, 'F160');
INSERT INTO `propertyvalue` VALUES (3809, 262, 61, '2014010706673734');
INSERT INTO `propertyvalue` VALUES (3810, 262, 60, '艾欧史密斯(中国)热水器有限公司');
INSERT INTO `propertyvalue` VALUES (3811, 262, 59, 'CEWH-40P8 40L, CEWH-50P8 50L, CEWH-60P8A 60L, CEWH...');
INSERT INTO `propertyvalue` VALUES (3812, 262, 58, '有效');
INSERT INTO `propertyvalue` VALUES (3813, 262, 57, 'A．O．Smith/史密斯');
INSERT INTO `propertyvalue` VALUES (3814, 263, 67, '一级');
INSERT INTO `propertyvalue` VALUES (3815, 263, 66, 'A．O．Smith/史密斯 F160');
INSERT INTO `propertyvalue` VALUES (3816, 263, 65, '横式');
INSERT INTO `propertyvalue` VALUES (3817, 263, 64, '艾欧史密斯(中国)热水器有限公司');
INSERT INTO `propertyvalue` VALUES (3818, 263, 63, '机械式');
INSERT INTO `propertyvalue` VALUES (3819, 263, 62, 'F160');
INSERT INTO `propertyvalue` VALUES (3820, 263, 61, '2014010706673734');
INSERT INTO `propertyvalue` VALUES (3821, 263, 60, '艾欧史密斯(中国)热水器有限公司');
INSERT INTO `propertyvalue` VALUES (3822, 263, 59, 'CEWH-40P8 40L, CEWH-50P8 50L, CEWH-60P8A 60L, CEWH...');
INSERT INTO `propertyvalue` VALUES (3823, 263, 58, '有效');
INSERT INTO `propertyvalue` VALUES (3824, 263, 57, 'A．O．Smith/史密斯');
INSERT INTO `propertyvalue` VALUES (3825, 264, 67, '一级');
INSERT INTO `propertyvalue` VALUES (3826, 264, 66, 'A．O．Smith/史密斯 F160');
INSERT INTO `propertyvalue` VALUES (3827, 264, 65, '横式');
INSERT INTO `propertyvalue` VALUES (3828, 264, 64, '艾欧史密斯(中国)热水器有限公司');
INSERT INTO `propertyvalue` VALUES (3829, 264, 63, '机械式');
INSERT INTO `propertyvalue` VALUES (3830, 264, 62, 'F160');
INSERT INTO `propertyvalue` VALUES (3831, 264, 61, '2014010706673734');
INSERT INTO `propertyvalue` VALUES (3832, 264, 60, '艾欧史密斯(中国)热水器有限公司');
INSERT INTO `propertyvalue` VALUES (3833, 264, 59, 'CEWH-40P8 40L, CEWH-50P8 50L, CEWH-60P8A 60L, CEWH...');
INSERT INTO `propertyvalue` VALUES (3834, 264, 58, '有效');
INSERT INTO `propertyvalue` VALUES (3835, 264, 57, 'A．O．Smith/史密斯');
INSERT INTO `propertyvalue` VALUES (3836, 265, 67, '一级');
INSERT INTO `propertyvalue` VALUES (3837, 265, 66, 'A．O．Smith/史密斯 F160');
INSERT INTO `propertyvalue` VALUES (3838, 265, 65, '横式');
INSERT INTO `propertyvalue` VALUES (3839, 265, 64, '艾欧史密斯(中国)热水器有限公司');
INSERT INTO `propertyvalue` VALUES (3840, 265, 63, '机械式');
INSERT INTO `propertyvalue` VALUES (3841, 265, 62, 'F160');
INSERT INTO `propertyvalue` VALUES (3842, 265, 61, '2014010706673734');
INSERT INTO `propertyvalue` VALUES (3843, 265, 60, '艾欧史密斯(中国)热水器有限公司');
INSERT INTO `propertyvalue` VALUES (3844, 265, 59, 'CEWH-40P8 40L, CEWH-50P8 50L, CEWH-60P8A 60L, CEWH...');
INSERT INTO `propertyvalue` VALUES (3845, 265, 58, '有效');
INSERT INTO `propertyvalue` VALUES (3846, 265, 57, 'A．O．Smith/史密斯');
INSERT INTO `propertyvalue` VALUES (3847, 266, 67, '一级');
INSERT INTO `propertyvalue` VALUES (3848, 266, 66, 'A．O．Smith/史密斯 F160');
INSERT INTO `propertyvalue` VALUES (3849, 266, 65, '横式');
INSERT INTO `propertyvalue` VALUES (3850, 266, 64, '艾欧史密斯(中国)热水器有限公司');
INSERT INTO `propertyvalue` VALUES (3851, 266, 63, '机械式');
INSERT INTO `propertyvalue` VALUES (3852, 266, 62, 'F160');
INSERT INTO `propertyvalue` VALUES (3853, 266, 61, '2014010706673734');
INSERT INTO `propertyvalue` VALUES (3854, 266, 60, '艾欧史密斯(中国)热水器有限公司');
INSERT INTO `propertyvalue` VALUES (3855, 266, 59, 'CEWH-40P8 40L, CEWH-50P8 50L, CEWH-60P8A 60L, CEWH...');
INSERT INTO `propertyvalue` VALUES (3856, 266, 58, '有效');
INSERT INTO `propertyvalue` VALUES (3857, 266, 57, 'A．O．Smith/史密斯');
INSERT INTO `propertyvalue` VALUES (4108, 317, 72, 'Ninebot');
INSERT INTO `propertyvalue` VALUES (4109, 317, 71, 'One A1');
INSERT INTO `propertyvalue` VALUES (4110, 317, 70, '否');
INSERT INTO `propertyvalue` VALUES (4111, 317, 69, '独轮');
INSERT INTO `propertyvalue` VALUES (4112, 317, 68, '2016年夏季');
INSERT INTO `propertyvalue` VALUES (4113, 318, 72, 'Ninebot');
INSERT INTO `propertyvalue` VALUES (4114, 318, 71, 'One A1');
INSERT INTO `propertyvalue` VALUES (4115, 318, 70, '否');
INSERT INTO `propertyvalue` VALUES (4116, 318, 69, '独轮');
INSERT INTO `propertyvalue` VALUES (4117, 318, 68, '2016年夏季');
INSERT INTO `propertyvalue` VALUES (4118, 319, 72, 'Ninebot');
INSERT INTO `propertyvalue` VALUES (4119, 319, 71, 'One A1');
INSERT INTO `propertyvalue` VALUES (4120, 319, 70, '否');
INSERT INTO `propertyvalue` VALUES (4121, 319, 69, '独轮');
INSERT INTO `propertyvalue` VALUES (4122, 319, 68, '2016年夏季');
INSERT INTO `propertyvalue` VALUES (4123, 320, 72, 'Ninebot');
INSERT INTO `propertyvalue` VALUES (4124, 320, 71, 'One A1');
INSERT INTO `propertyvalue` VALUES (4125, 320, 70, '否');
INSERT INTO `propertyvalue` VALUES (4126, 320, 69, '独轮');
INSERT INTO `propertyvalue` VALUES (4127, 320, 68, '2016年夏季');
INSERT INTO `propertyvalue` VALUES (4128, 321, 72, 'Ninebot');
INSERT INTO `propertyvalue` VALUES (4129, 321, 71, 'One A1');
INSERT INTO `propertyvalue` VALUES (4130, 321, 70, '否');
INSERT INTO `propertyvalue` VALUES (4131, 321, 69, '独轮');
INSERT INTO `propertyvalue` VALUES (4132, 321, 68, '2016年夏季');
INSERT INTO `propertyvalue` VALUES (4847, 373, 86, '有');
INSERT INTO `propertyvalue` VALUES (4848, 373, 85, '规划式');
INSERT INTO `propertyvalue` VALUES (4849, 373, 84, '钛金咖');
INSERT INTO `propertyvalue` VALUES (4850, 373, 83, '地宝朵朵S');
INSERT INTO `propertyvalue` VALUES (4851, 373, 82, '有');
INSERT INTO `propertyvalue` VALUES (4852, 373, 81, '无');
INSERT INTO `propertyvalue` VALUES (4853, 373, 80, '3000mAh');
INSERT INTO `propertyvalue` VALUES (4854, 373, 79, '是');
INSERT INTO `propertyvalue` VALUES (4855, 373, 78, '机械+电子双层保护');
INSERT INTO `propertyvalue` VALUES (4856, 373, 77, '7.9cm');
INSERT INTO `propertyvalue` VALUES (4857, 373, 76, '拖扫吸式');
INSERT INTO `propertyvalue` VALUES (4858, 373, 75, '扫地机器人');
INSERT INTO `propertyvalue` VALUES (4859, 373, 74, '0.5L');
INSERT INTO `propertyvalue` VALUES (4860, 373, 73, '无');
INSERT INTO `propertyvalue` VALUES (4861, 374, 86, '有');
INSERT INTO `propertyvalue` VALUES (4862, 374, 85, '规划式');
INSERT INTO `propertyvalue` VALUES (4863, 374, 84, '钛金咖');
INSERT INTO `propertyvalue` VALUES (4864, 374, 83, '地宝朵朵S');
INSERT INTO `propertyvalue` VALUES (4865, 374, 82, '有');
INSERT INTO `propertyvalue` VALUES (4866, 374, 81, '无');
INSERT INTO `propertyvalue` VALUES (4867, 374, 80, '3000mAh');
INSERT INTO `propertyvalue` VALUES (4868, 374, 79, '是');
INSERT INTO `propertyvalue` VALUES (4869, 374, 78, '机械+电子双层保护');
INSERT INTO `propertyvalue` VALUES (4870, 374, 77, '7.9cm');
INSERT INTO `propertyvalue` VALUES (4871, 374, 76, '拖扫吸式');
INSERT INTO `propertyvalue` VALUES (4872, 374, 75, '扫地机器人');
INSERT INTO `propertyvalue` VALUES (4873, 374, 74, '0.5L');
INSERT INTO `propertyvalue` VALUES (4874, 374, 73, '无');
INSERT INTO `propertyvalue` VALUES (4875, 375, 86, '有');
INSERT INTO `propertyvalue` VALUES (4876, 375, 85, '规划式');
INSERT INTO `propertyvalue` VALUES (4877, 375, 84, '钛金咖');
INSERT INTO `propertyvalue` VALUES (4878, 375, 83, '地宝朵朵S');
INSERT INTO `propertyvalue` VALUES (4879, 375, 82, '有');
INSERT INTO `propertyvalue` VALUES (4880, 375, 81, '无');
INSERT INTO `propertyvalue` VALUES (4881, 375, 80, '3000mAh');
INSERT INTO `propertyvalue` VALUES (4882, 375, 79, '是');
INSERT INTO `propertyvalue` VALUES (4883, 375, 78, '机械+电子双层保护');
INSERT INTO `propertyvalue` VALUES (4884, 375, 77, '7.9cm');
INSERT INTO `propertyvalue` VALUES (4885, 375, 76, '拖扫吸式');
INSERT INTO `propertyvalue` VALUES (4886, 375, 75, '扫地机器人');
INSERT INTO `propertyvalue` VALUES (4887, 375, 74, '0.5L');
INSERT INTO `propertyvalue` VALUES (4888, 375, 73, '无');
INSERT INTO `propertyvalue` VALUES (4889, 376, 86, '有');
INSERT INTO `propertyvalue` VALUES (4890, 376, 85, '规划式');
INSERT INTO `propertyvalue` VALUES (4891, 376, 84, '钛金咖');
INSERT INTO `propertyvalue` VALUES (4892, 376, 83, '地宝朵朵S');
INSERT INTO `propertyvalue` VALUES (4893, 376, 82, '有');
INSERT INTO `propertyvalue` VALUES (4894, 376, 81, '无');
INSERT INTO `propertyvalue` VALUES (4895, 376, 80, '3000mAh');
INSERT INTO `propertyvalue` VALUES (4896, 376, 79, '是');
INSERT INTO `propertyvalue` VALUES (4897, 376, 78, '机械+电子双层保护');
INSERT INTO `propertyvalue` VALUES (4898, 376, 77, '7.9cm');
INSERT INTO `propertyvalue` VALUES (4899, 376, 76, '拖扫吸式');
INSERT INTO `propertyvalue` VALUES (4900, 376, 75, '扫地机器人');
INSERT INTO `propertyvalue` VALUES (4901, 376, 74, '0.5L');
INSERT INTO `propertyvalue` VALUES (4902, 376, 73, '无');
INSERT INTO `propertyvalue` VALUES (4903, 377, 86, '有');
INSERT INTO `propertyvalue` VALUES (4904, 377, 85, '规划式');
INSERT INTO `propertyvalue` VALUES (4905, 377, 84, '钛金咖');
INSERT INTO `propertyvalue` VALUES (4906, 377, 83, '地宝朵朵S');
INSERT INTO `propertyvalue` VALUES (4907, 377, 82, '有');
INSERT INTO `propertyvalue` VALUES (4908, 377, 81, '无');
INSERT INTO `propertyvalue` VALUES (4909, 377, 80, '3000mAh');
INSERT INTO `propertyvalue` VALUES (4910, 377, 79, '是');
INSERT INTO `propertyvalue` VALUES (4911, 377, 78, '机械+电子双层保护');
INSERT INTO `propertyvalue` VALUES (4912, 377, 77, '7.9cm');
INSERT INTO `propertyvalue` VALUES (4913, 377, 76, '拖扫吸式');
INSERT INTO `propertyvalue` VALUES (4914, 377, 75, '扫地机器人');
INSERT INTO `propertyvalue` VALUES (4915, 377, 74, '0.5L');
INSERT INTO `propertyvalue` VALUES (4916, 377, 73, '无');
INSERT INTO `propertyvalue` VALUES (5682, 429, 101, '按键式');
INSERT INTO `propertyvalue` VALUES (5683, 429, 100, '多功能榨汁机');
INSERT INTO `propertyvalue` VALUES (5684, 429, 99, '金色 红色');
INSERT INTO `propertyvalue` VALUES (5685, 429, 98, '塑料');
INSERT INTO `propertyvalue` VALUES (5686, 429, 97, '韩国');
INSERT INTO `propertyvalue` VALUES (5687, 429, 96, '五谷 冰淇淋 制奶昔 制豆腐 榨汁');
INSERT INTO `propertyvalue` VALUES (5688, 429, 95, 'HUROM CO.,LTD.');
INSERT INTO `propertyvalue` VALUES (5689, 429, 94, 'HUO15FR');
INSERT INTO `propertyvalue` VALUES (5690, 429, 93, '2014010713734694');
INSERT INTO `propertyvalue` VALUES (5691, 429, 92, '150W(含)-200W(不含)');
INSERT INTO `propertyvalue` VALUES (5692, 429, 91, 'HUROM CO.,LTD.');
INSERT INTO `propertyvalue` VALUES (5693, 429, 90, 'HU15IV, HUO15IV, HUE15IV, HU15FR, HUO15FR, HUE15FR...');
INSERT INTO `propertyvalue` VALUES (5694, 429, 89, '有效');
INSERT INTO `propertyvalue` VALUES (5695, 429, 88, '40转/分(含)-60转/分(含)');
INSERT INTO `propertyvalue` VALUES (5696, 429, 87, 'Hurom/惠人');
INSERT INTO `propertyvalue` VALUES (5697, 430, 101, '按键式');
INSERT INTO `propertyvalue` VALUES (5698, 430, 100, '多功能榨汁机');
INSERT INTO `propertyvalue` VALUES (5699, 430, 99, '金色 红色');
INSERT INTO `propertyvalue` VALUES (5700, 430, 98, '塑料');
INSERT INTO `propertyvalue` VALUES (5701, 430, 97, '韩国');
INSERT INTO `propertyvalue` VALUES (5702, 430, 96, '五谷 冰淇淋 制奶昔 制豆腐 榨汁');
INSERT INTO `propertyvalue` VALUES (5703, 430, 95, 'HUROM CO.,LTD.');
INSERT INTO `propertyvalue` VALUES (5704, 430, 94, 'HUO15FR');
INSERT INTO `propertyvalue` VALUES (5705, 430, 93, '2014010713734694');
INSERT INTO `propertyvalue` VALUES (5706, 430, 92, '150W(含)-200W(不含)');
INSERT INTO `propertyvalue` VALUES (5707, 430, 91, 'HUROM CO.,LTD.');
INSERT INTO `propertyvalue` VALUES (5708, 430, 90, 'HU15IV, HUO15IV, HUE15IV, HU15FR, HUO15FR, HUE15FR...');
INSERT INTO `propertyvalue` VALUES (5709, 430, 89, '有效');
INSERT INTO `propertyvalue` VALUES (5710, 430, 88, '40转/分(含)-60转/分(含)');
INSERT INTO `propertyvalue` VALUES (5711, 430, 87, 'Hurom/惠人');
INSERT INTO `propertyvalue` VALUES (5712, 431, 101, '按键式');
INSERT INTO `propertyvalue` VALUES (5713, 431, 100, '多功能榨汁机');
INSERT INTO `propertyvalue` VALUES (5714, 431, 99, '金色 红色');
INSERT INTO `propertyvalue` VALUES (5715, 431, 98, '塑料');
INSERT INTO `propertyvalue` VALUES (5716, 431, 97, '韩国');
INSERT INTO `propertyvalue` VALUES (5717, 431, 96, '五谷 冰淇淋 制奶昔 制豆腐 榨汁');
INSERT INTO `propertyvalue` VALUES (5718, 431, 95, 'HUROM CO.,LTD.');
INSERT INTO `propertyvalue` VALUES (5719, 431, 94, 'HUO15FR');
INSERT INTO `propertyvalue` VALUES (5720, 431, 93, '2014010713734694');
INSERT INTO `propertyvalue` VALUES (5721, 431, 92, '150W(含)-200W(不含)');
INSERT INTO `propertyvalue` VALUES (5722, 431, 91, 'HUROM CO.,LTD.');
INSERT INTO `propertyvalue` VALUES (5723, 431, 90, 'HU15IV, HUO15IV, HUE15IV, HU15FR, HUO15FR, HUE15FR...');
INSERT INTO `propertyvalue` VALUES (5724, 431, 89, '有效');
INSERT INTO `propertyvalue` VALUES (5725, 431, 88, '40转/分(含)-60转/分(含)');
INSERT INTO `propertyvalue` VALUES (5726, 431, 87, 'Hurom/惠人');
INSERT INTO `propertyvalue` VALUES (5727, 432, 101, '按键式');
INSERT INTO `propertyvalue` VALUES (5728, 432, 100, '多功能榨汁机');
INSERT INTO `propertyvalue` VALUES (5729, 432, 99, '金色 红色');
INSERT INTO `propertyvalue` VALUES (5730, 432, 98, '塑料');
INSERT INTO `propertyvalue` VALUES (5731, 432, 97, '韩国');
INSERT INTO `propertyvalue` VALUES (5732, 432, 96, '五谷 冰淇淋 制奶昔 制豆腐 榨汁');
INSERT INTO `propertyvalue` VALUES (5733, 432, 95, 'HUROM CO.,LTD.');
INSERT INTO `propertyvalue` VALUES (5734, 432, 94, 'HUO15FR');
INSERT INTO `propertyvalue` VALUES (5735, 432, 93, '2014010713734694');
INSERT INTO `propertyvalue` VALUES (5736, 432, 92, '150W(含)-200W(不含)');
INSERT INTO `propertyvalue` VALUES (5737, 432, 91, 'HUROM CO.,LTD.');
INSERT INTO `propertyvalue` VALUES (5738, 432, 90, 'HU15IV, HUO15IV, HUE15IV, HU15FR, HUO15FR, HUE15FR...');
INSERT INTO `propertyvalue` VALUES (5739, 432, 89, '有效');
INSERT INTO `propertyvalue` VALUES (5740, 432, 88, '40转/分(含)-60转/分(含)');
INSERT INTO `propertyvalue` VALUES (5741, 432, 87, 'Hurom/惠人');
INSERT INTO `propertyvalue` VALUES (5742, 433, 101, '按键式');
INSERT INTO `propertyvalue` VALUES (5743, 433, 100, '多功能榨汁机');
INSERT INTO `propertyvalue` VALUES (5744, 433, 99, '金色 红色');
INSERT INTO `propertyvalue` VALUES (5745, 433, 98, '塑料');
INSERT INTO `propertyvalue` VALUES (5746, 433, 97, '韩国');
INSERT INTO `propertyvalue` VALUES (5747, 433, 96, '五谷 冰淇淋 制奶昔 制豆腐 榨汁');
INSERT INTO `propertyvalue` VALUES (5748, 433, 95, 'HUROM CO.,LTD.');
INSERT INTO `propertyvalue` VALUES (5749, 433, 94, 'HUO15FR');
INSERT INTO `propertyvalue` VALUES (5750, 433, 93, '2014010713734694');
INSERT INTO `propertyvalue` VALUES (5751, 433, 92, '150W(含)-200W(不含)');
INSERT INTO `propertyvalue` VALUES (5752, 433, 91, 'HUROM CO.,LTD.');
INSERT INTO `propertyvalue` VALUES (5753, 433, 90, 'HU15IV, HUO15IV, HUE15IV, HU15FR, HUO15FR, HUE15FR...');
INSERT INTO `propertyvalue` VALUES (5754, 433, 89, '有效');
INSERT INTO `propertyvalue` VALUES (5755, 433, 88, '40转/分(含)-60转/分(含)');
INSERT INTO `propertyvalue` VALUES (5756, 433, 87, 'Hurom/惠人');
INSERT INTO `propertyvalue` VALUES (5922, 449, 112, '一级');
INSERT INTO `propertyvalue` VALUES (5923, 449, 111, 'MeiLing/美菱 BCD-221UE...');
INSERT INTO `propertyvalue` VALUES (5924, 449, 110, '直冷');
INSERT INTO `propertyvalue` VALUES (5925, 449, 109, '合肥美菱股份有限公司');
INSERT INTO `propertyvalue` VALUES (5926, 449, 108, '2012010701548388');
INSERT INTO `propertyvalue` VALUES (5927, 449, 107, '合肥美菱股份有限公司');
INSERT INTO `propertyvalue` VALUES (5928, 449, 106, 'BCD-213ZE3BR, BCD-213ZE3BD, BCD-213ZE3BK, BCD-213Z...');
INSERT INTO `propertyvalue` VALUES (5929, 449, 105, 'BCD-221UE3CX');
INSERT INTO `propertyvalue` VALUES (5930, 449, 104, '三门式');
INSERT INTO `propertyvalue` VALUES (5931, 449, 103, '有效');
INSERT INTO `propertyvalue` VALUES (5932, 449, 102, '冷藏冷冻冰箱');
INSERT INTO `propertyvalue` VALUES (5933, 450, 112, '一级');
INSERT INTO `propertyvalue` VALUES (5934, 450, 111, 'MeiLing/美菱 BCD-221UE...');
INSERT INTO `propertyvalue` VALUES (5935, 450, 110, '直冷');
INSERT INTO `propertyvalue` VALUES (5936, 450, 109, '合肥美菱股份有限公司');
INSERT INTO `propertyvalue` VALUES (5937, 450, 108, '2012010701548388');
INSERT INTO `propertyvalue` VALUES (5938, 450, 107, '合肥美菱股份有限公司');
INSERT INTO `propertyvalue` VALUES (5939, 450, 106, 'BCD-213ZE3BR, BCD-213ZE3BD, BCD-213ZE3BK, BCD-213Z...');
INSERT INTO `propertyvalue` VALUES (5940, 450, 105, 'BCD-221UE3CX');
INSERT INTO `propertyvalue` VALUES (5941, 450, 104, '三门式');
INSERT INTO `propertyvalue` VALUES (5942, 450, 103, '有效');
INSERT INTO `propertyvalue` VALUES (5943, 450, 102, '冷藏冷冻冰箱');
INSERT INTO `propertyvalue` VALUES (5944, 451, 112, '一级');
INSERT INTO `propertyvalue` VALUES (5945, 451, 111, 'MeiLing/美菱 BCD-221UE...');
INSERT INTO `propertyvalue` VALUES (5946, 451, 110, '直冷');
INSERT INTO `propertyvalue` VALUES (5947, 451, 109, '合肥美菱股份有限公司');
INSERT INTO `propertyvalue` VALUES (5948, 451, 108, '2012010701548388');
INSERT INTO `propertyvalue` VALUES (5949, 451, 107, '合肥美菱股份有限公司');
INSERT INTO `propertyvalue` VALUES (5950, 451, 106, 'BCD-213ZE3BR, BCD-213ZE3BD, BCD-213ZE3BK, BCD-213Z...');
INSERT INTO `propertyvalue` VALUES (5951, 451, 105, 'BCD-221UE3CX');
INSERT INTO `propertyvalue` VALUES (5952, 451, 104, '三门式');
INSERT INTO `propertyvalue` VALUES (5953, 451, 103, '有效');
INSERT INTO `propertyvalue` VALUES (5954, 451, 102, '冷藏冷冻冰箱');
INSERT INTO `propertyvalue` VALUES (5955, 452, 112, '一级');
INSERT INTO `propertyvalue` VALUES (5956, 452, 111, 'MeiLing/美菱 BCD-221UE...');
INSERT INTO `propertyvalue` VALUES (5957, 452, 110, '直冷');
INSERT INTO `propertyvalue` VALUES (5958, 452, 109, '合肥美菱股份有限公司');
INSERT INTO `propertyvalue` VALUES (5959, 452, 108, '2012010701548388');
INSERT INTO `propertyvalue` VALUES (5960, 452, 107, '合肥美菱股份有限公司');
INSERT INTO `propertyvalue` VALUES (5961, 452, 106, 'BCD-213ZE3BR, BCD-213ZE3BD, BCD-213ZE3BK, BCD-213Z...');
INSERT INTO `propertyvalue` VALUES (5962, 452, 105, 'BCD-221UE3CX');
INSERT INTO `propertyvalue` VALUES (5963, 452, 104, '三门式');
INSERT INTO `propertyvalue` VALUES (5964, 452, 103, '有效');
INSERT INTO `propertyvalue` VALUES (5965, 452, 102, '冷藏冷冻冰箱');
INSERT INTO `propertyvalue` VALUES (5966, 453, 112, '一级');
INSERT INTO `propertyvalue` VALUES (5967, 453, 111, 'MeiLing/美菱 BCD-221UE...');
INSERT INTO `propertyvalue` VALUES (5968, 453, 110, '直冷');
INSERT INTO `propertyvalue` VALUES (5969, 453, 109, '合肥美菱股份有限公司');
INSERT INTO `propertyvalue` VALUES (5970, 453, 108, '2012010701548388');
INSERT INTO `propertyvalue` VALUES (5971, 453, 107, '合肥美菱股份有限公司');
INSERT INTO `propertyvalue` VALUES (5972, 453, 106, 'BCD-213ZE3BR, BCD-213ZE3BD, BCD-213ZE3BK, BCD-213Z...');
INSERT INTO `propertyvalue` VALUES (5973, 453, 105, 'BCD-221UE3CX');
INSERT INTO `propertyvalue` VALUES (5974, 453, 104, '三门式');
INSERT INTO `propertyvalue` VALUES (5975, 453, 103, '有效');
INSERT INTO `propertyvalue` VALUES (5976, 453, 102, '冷藏冷冻冰箱');
INSERT INTO `propertyvalue` VALUES (6517, 509, 122, '约10~16m2');
INSERT INTO `propertyvalue` VALUES (6518, 509, 121, '大1匹');
INSERT INTO `propertyvalue` VALUES (6519, 509, 120, '三级');
INSERT INTO `propertyvalue` VALUES (6520, 509, 119, 'Hisense/海信 KFR-26GW/...');
INSERT INTO `propertyvalue` VALUES (6521, 509, 118, '冷暖电辅');
INSERT INTO `propertyvalue` VALUES (6522, 509, 117, '变频');
INSERT INTO `propertyvalue` VALUES (6523, 509, 116, 'KFR-26GW/EF16A3z');
INSERT INTO `propertyvalue` VALUES (6524, 509, 115, '2013010703646857');
INSERT INTO `propertyvalue` VALUES (6525, 509, 114, '有效');
INSERT INTO `propertyvalue` VALUES (6526, 509, 113, '壁挂式');
INSERT INTO `propertyvalue` VALUES (6527, 510, 122, '约10~16m2');
INSERT INTO `propertyvalue` VALUES (6528, 510, 121, '大1匹');
INSERT INTO `propertyvalue` VALUES (6529, 510, 120, '三级');
INSERT INTO `propertyvalue` VALUES (6530, 510, 119, 'Hisense/海信 KFR-26GW/...');
INSERT INTO `propertyvalue` VALUES (6531, 510, 118, '冷暖电辅');
INSERT INTO `propertyvalue` VALUES (6532, 510, 117, '变频');
INSERT INTO `propertyvalue` VALUES (6533, 510, 116, 'KFR-26GW/EF16A3z');
INSERT INTO `propertyvalue` VALUES (6534, 510, 115, '2013010703646857');
INSERT INTO `propertyvalue` VALUES (6535, 510, 114, '有效');
INSERT INTO `propertyvalue` VALUES (6536, 510, 113, '壁挂式');
INSERT INTO `propertyvalue` VALUES (6537, 511, 122, '约10~16m2');
INSERT INTO `propertyvalue` VALUES (6538, 511, 121, '大1匹');
INSERT INTO `propertyvalue` VALUES (6539, 511, 120, '三级');
INSERT INTO `propertyvalue` VALUES (6540, 511, 119, 'Hisense/海信 KFR-26GW/...');
INSERT INTO `propertyvalue` VALUES (6541, 511, 118, '冷暖电辅');
INSERT INTO `propertyvalue` VALUES (6542, 511, 117, '变频');
INSERT INTO `propertyvalue` VALUES (6543, 511, 116, 'KFR-26GW/EF16A3z');
INSERT INTO `propertyvalue` VALUES (6544, 511, 115, '2013010703646857');
INSERT INTO `propertyvalue` VALUES (6545, 511, 114, '有效');
INSERT INTO `propertyvalue` VALUES (6546, 511, 113, '壁挂式');
INSERT INTO `propertyvalue` VALUES (6547, 512, 122, '约10~16m2');
INSERT INTO `propertyvalue` VALUES (6548, 512, 121, '大1匹');
INSERT INTO `propertyvalue` VALUES (6549, 512, 120, '三级');
INSERT INTO `propertyvalue` VALUES (6550, 512, 119, 'Hisense/海信 KFR-26GW/...');
INSERT INTO `propertyvalue` VALUES (6551, 512, 118, '冷暖电辅');
INSERT INTO `propertyvalue` VALUES (6552, 512, 117, '变频');
INSERT INTO `propertyvalue` VALUES (6553, 512, 116, 'KFR-26GW/EF16A3z');
INSERT INTO `propertyvalue` VALUES (6554, 512, 115, '2013010703646857');
INSERT INTO `propertyvalue` VALUES (6555, 512, 114, '有效');
INSERT INTO `propertyvalue` VALUES (6556, 512, 113, '壁挂式');
INSERT INTO `propertyvalue` VALUES (6557, 513, 122, '约10~16m2');
INSERT INTO `propertyvalue` VALUES (6558, 513, 121, '大1匹');
INSERT INTO `propertyvalue` VALUES (6559, 513, 120, '三级');
INSERT INTO `propertyvalue` VALUES (6560, 513, 119, 'Hisense/海信 KFR-26GW/...');
INSERT INTO `propertyvalue` VALUES (6561, 513, 118, '冷暖电辅');
INSERT INTO `propertyvalue` VALUES (6562, 513, 117, '变频');
INSERT INTO `propertyvalue` VALUES (6563, 513, 116, 'KFR-26GW/EF16A3z');
INSERT INTO `propertyvalue` VALUES (6564, 513, 115, '2013010703646857');
INSERT INTO `propertyvalue` VALUES (6565, 513, 114, '有效');
INSERT INTO `propertyvalue` VALUES (6566, 513, 113, '壁挂式');
INSERT INTO `propertyvalue` VALUES (7587, 565, 142, '蓝晶石系列-PD');
INSERT INTO `propertyvalue` VALUES (7588, 565, 141, '女');
INSERT INTO `propertyvalue` VALUES (7589, 565, 140, '大表盘');
INSERT INTO `propertyvalue` VALUES (7590, 565, 139, '30米生活防水');
INSERT INTO `propertyvalue` VALUES (7591, 565, 138, '圆形');
INSERT INTO `propertyvalue` VALUES (7592, 565, 137, '宾派');
INSERT INTO `propertyvalue` VALUES (7593, 565, 136, '全国联保');
INSERT INTO `propertyvalue` VALUES (7594, 565, 135, '真皮');
INSERT INTO `propertyvalue` VALUES (7595, 565, 134, '2016年');
INSERT INTO `propertyvalue` VALUES (7596, 565, 133, '36mm');
INSERT INTO `propertyvalue` VALUES (7597, 565, 132, '全新');
INSERT INTO `propertyvalue` VALUES (7598, 565, 131, '国内');
INSERT INTO `propertyvalue` VALUES (7599, 565, 130, '8mm');
INSERT INTO `propertyvalue` VALUES (7600, 565, 129, '日本');
INSERT INTO `propertyvalue` VALUES (7601, 565, 128, '镀膜玻璃');
INSERT INTO `propertyvalue` VALUES (7602, 565, 127, '石英表');
INSERT INTO `propertyvalue` VALUES (7603, 565, 126, '合金');
INSERT INTO `propertyvalue` VALUES (7604, 565, 125, '指针式');
INSERT INTO `propertyvalue` VALUES (7605, 565, 124, '深蓝色 白色 紫色 红色 黑色');
INSERT INTO `propertyvalue` VALUES (7606, 565, 123, '时尚潮流');
INSERT INTO `propertyvalue` VALUES (7607, 566, 142, '蓝晶石系列-PD');
INSERT INTO `propertyvalue` VALUES (7608, 566, 141, '女');
INSERT INTO `propertyvalue` VALUES (7609, 566, 140, '大表盘');
INSERT INTO `propertyvalue` VALUES (7610, 566, 139, '30米生活防水');
INSERT INTO `propertyvalue` VALUES (7611, 566, 138, '圆形');
INSERT INTO `propertyvalue` VALUES (7612, 566, 137, '宾派');
INSERT INTO `propertyvalue` VALUES (7613, 566, 136, '全国联保');
INSERT INTO `propertyvalue` VALUES (7614, 566, 135, '真皮');
INSERT INTO `propertyvalue` VALUES (7615, 566, 134, '2016年');
INSERT INTO `propertyvalue` VALUES (7616, 566, 133, '36mm');
INSERT INTO `propertyvalue` VALUES (7617, 566, 132, '全新');
INSERT INTO `propertyvalue` VALUES (7618, 566, 131, '国内');
INSERT INTO `propertyvalue` VALUES (7619, 566, 130, '8mm');
INSERT INTO `propertyvalue` VALUES (7620, 566, 129, '日本');
INSERT INTO `propertyvalue` VALUES (7621, 566, 128, '镀膜玻璃');
INSERT INTO `propertyvalue` VALUES (7622, 566, 127, '石英表');
INSERT INTO `propertyvalue` VALUES (7623, 566, 126, '合金');
INSERT INTO `propertyvalue` VALUES (7624, 566, 125, '指针式');
INSERT INTO `propertyvalue` VALUES (7625, 566, 124, '深蓝色 白色 紫色 红色 黑色');
INSERT INTO `propertyvalue` VALUES (7626, 566, 123, '时尚潮流');
INSERT INTO `propertyvalue` VALUES (7627, 567, 142, '蓝晶石系列-PD');
INSERT INTO `propertyvalue` VALUES (7628, 567, 141, '女');
INSERT INTO `propertyvalue` VALUES (7629, 567, 140, '大表盘');
INSERT INTO `propertyvalue` VALUES (7630, 567, 139, '30米生活防水');
INSERT INTO `propertyvalue` VALUES (7631, 567, 138, '圆形');
INSERT INTO `propertyvalue` VALUES (7632, 567, 137, '宾派');
INSERT INTO `propertyvalue` VALUES (7633, 567, 136, '全国联保');
INSERT INTO `propertyvalue` VALUES (7634, 567, 135, '真皮');
INSERT INTO `propertyvalue` VALUES (7635, 567, 134, '2016年');
INSERT INTO `propertyvalue` VALUES (7636, 567, 133, '36mm');
INSERT INTO `propertyvalue` VALUES (7637, 567, 132, '全新');
INSERT INTO `propertyvalue` VALUES (7638, 567, 131, '国内');
INSERT INTO `propertyvalue` VALUES (7639, 567, 130, '8mm');
INSERT INTO `propertyvalue` VALUES (7640, 567, 129, '日本');
INSERT INTO `propertyvalue` VALUES (7641, 567, 128, '镀膜玻璃');
INSERT INTO `propertyvalue` VALUES (7642, 567, 127, '石英表');
INSERT INTO `propertyvalue` VALUES (7643, 567, 126, '合金');
INSERT INTO `propertyvalue` VALUES (7644, 567, 125, '指针式');
INSERT INTO `propertyvalue` VALUES (7645, 567, 124, '深蓝色 白色 紫色 红色 黑色');
INSERT INTO `propertyvalue` VALUES (7646, 567, 123, '时尚潮流');
INSERT INTO `propertyvalue` VALUES (7647, 568, 142, '蓝晶石系列-PD');
INSERT INTO `propertyvalue` VALUES (7648, 568, 141, '女');
INSERT INTO `propertyvalue` VALUES (7649, 568, 140, '大表盘');
INSERT INTO `propertyvalue` VALUES (7650, 568, 139, '30米生活防水');
INSERT INTO `propertyvalue` VALUES (7651, 568, 138, '圆形');
INSERT INTO `propertyvalue` VALUES (7652, 568, 137, '宾派');
INSERT INTO `propertyvalue` VALUES (7653, 568, 136, '全国联保');
INSERT INTO `propertyvalue` VALUES (7654, 568, 135, '真皮');
INSERT INTO `propertyvalue` VALUES (7655, 568, 134, '2016年');
INSERT INTO `propertyvalue` VALUES (7656, 568, 133, '36mm');
INSERT INTO `propertyvalue` VALUES (7657, 568, 132, '全新');
INSERT INTO `propertyvalue` VALUES (7658, 568, 131, '国内');
INSERT INTO `propertyvalue` VALUES (7659, 568, 130, '8mm');
INSERT INTO `propertyvalue` VALUES (7660, 568, 129, '日本');
INSERT INTO `propertyvalue` VALUES (7661, 568, 128, '镀膜玻璃');
INSERT INTO `propertyvalue` VALUES (7662, 568, 127, '石英表');
INSERT INTO `propertyvalue` VALUES (7663, 568, 126, '合金');
INSERT INTO `propertyvalue` VALUES (7664, 568, 125, '指针式');
INSERT INTO `propertyvalue` VALUES (7665, 568, 124, '深蓝色 白色 紫色 红色 黑色');
INSERT INTO `propertyvalue` VALUES (7666, 568, 123, '时尚潮流');
INSERT INTO `propertyvalue` VALUES (7667, 569, 142, '蓝晶石系列-PD');
INSERT INTO `propertyvalue` VALUES (7668, 569, 141, '女');
INSERT INTO `propertyvalue` VALUES (7669, 569, 140, '大表盘');
INSERT INTO `propertyvalue` VALUES (7670, 569, 139, '30米生活防水');
INSERT INTO `propertyvalue` VALUES (7671, 569, 138, '圆形');
INSERT INTO `propertyvalue` VALUES (7672, 569, 137, '宾派');
INSERT INTO `propertyvalue` VALUES (7673, 569, 136, '全国联保');
INSERT INTO `propertyvalue` VALUES (7674, 569, 135, '真皮');
INSERT INTO `propertyvalue` VALUES (7675, 569, 134, '2016年');
INSERT INTO `propertyvalue` VALUES (7676, 569, 133, '36mm');
INSERT INTO `propertyvalue` VALUES (7677, 569, 132, '全新');
INSERT INTO `propertyvalue` VALUES (7678, 569, 131, '国内');
INSERT INTO `propertyvalue` VALUES (7679, 569, 130, '8mm');
INSERT INTO `propertyvalue` VALUES (7680, 569, 129, '日本');
INSERT INTO `propertyvalue` VALUES (7681, 569, 128, '镀膜玻璃');
INSERT INTO `propertyvalue` VALUES (7682, 569, 127, '石英表');
INSERT INTO `propertyvalue` VALUES (7683, 569, 126, '合金');
INSERT INTO `propertyvalue` VALUES (7684, 569, 125, '指针式');
INSERT INTO `propertyvalue` VALUES (7685, 569, 124, '深蓝色 白色 紫色 红色 黑色');
INSERT INTO `propertyvalue` VALUES (7686, 569, 123, '时尚潮流');
INSERT INTO `propertyvalue` VALUES (8787, 620, 164, 'K-MZBK002');
INSERT INTO `propertyvalue` VALUES (8788, 620, 163, '男');
INSERT INTO `propertyvalue` VALUES (8789, 620, 162, '复古');
INSERT INTO `propertyvalue` VALUES (8790, 620, 161, '普通');
INSERT INTO `propertyvalue` VALUES (8791, 620, 160, '透底');
INSERT INTO `propertyvalue` VALUES (8792, 620, 159, '30米生活防水');
INSERT INTO `propertyvalue` VALUES (8793, 620, 158, '圆形');
INSERT INTO `propertyvalue` VALUES (8794, 620, 157, '卡诗顿');
INSERT INTO `propertyvalue` VALUES (8795, 620, 156, '店铺保修');
INSERT INTO `propertyvalue` VALUES (8796, 620, 155, '真皮');
INSERT INTO `propertyvalue` VALUES (8797, 620, 154, '2014年春夏季');
INSERT INTO `propertyvalue` VALUES (8798, 620, 153, '全新');
INSERT INTO `propertyvalue` VALUES (8799, 620, 152, '40mm');
INSERT INTO `propertyvalue` VALUES (8800, 620, 151, '国内');
INSERT INTO `propertyvalue` VALUES (8801, 620, 150, '11mm');
INSERT INTO `propertyvalue` VALUES (8802, 620, 149, '针扣');
INSERT INTO `propertyvalue` VALUES (8803, 620, 148, '镀膜玻璃');
INSERT INTO `propertyvalue` VALUES (8804, 620, 147, '自动机械表');
INSERT INTO `propertyvalue` VALUES (8805, 620, 146, '精钢');
INSERT INTO `propertyvalue` VALUES (8806, 620, 145, '指针式');
INSERT INTO `propertyvalue` VALUES (8807, 620, 144, '黑面咖壳皮带款 黑面白壳皮带款 咖面咖壳皮带款 白面白壳皮带款 白面咖壳皮带款 白面白壳钢带款 黑面白壳钢带款 白面咖壳钢带款 黑面咖壳钢带款 咖面咖壳钢带款');
INSERT INTO `propertyvalue` VALUES (8808, 620, 143, '时尚潮流');
INSERT INTO `propertyvalue` VALUES (8809, 621, 164, 'K-MZBK002');
INSERT INTO `propertyvalue` VALUES (8810, 621, 163, '男');
INSERT INTO `propertyvalue` VALUES (8811, 621, 162, '复古');
INSERT INTO `propertyvalue` VALUES (8812, 621, 161, '普通');
INSERT INTO `propertyvalue` VALUES (8813, 621, 160, '透底');
INSERT INTO `propertyvalue` VALUES (8814, 621, 159, '30米生活防水');
INSERT INTO `propertyvalue` VALUES (8815, 621, 158, '圆形');
INSERT INTO `propertyvalue` VALUES (8816, 621, 157, '卡诗顿');
INSERT INTO `propertyvalue` VALUES (8817, 621, 156, '店铺保修');
INSERT INTO `propertyvalue` VALUES (8818, 621, 155, '真皮');
INSERT INTO `propertyvalue` VALUES (8819, 621, 154, '2014年春夏季');
INSERT INTO `propertyvalue` VALUES (8820, 621, 153, '全新');
INSERT INTO `propertyvalue` VALUES (8821, 621, 152, '40mm');
INSERT INTO `propertyvalue` VALUES (8822, 621, 151, '国内');
INSERT INTO `propertyvalue` VALUES (8823, 621, 150, '11mm');
INSERT INTO `propertyvalue` VALUES (8824, 621, 149, '针扣');
INSERT INTO `propertyvalue` VALUES (8825, 621, 148, '镀膜玻璃');
INSERT INTO `propertyvalue` VALUES (8826, 621, 147, '自动机械表');
INSERT INTO `propertyvalue` VALUES (8827, 621, 146, '精钢');
INSERT INTO `propertyvalue` VALUES (8828, 621, 145, '指针式');
INSERT INTO `propertyvalue` VALUES (8829, 621, 144, '黑面咖壳皮带款 黑面白壳皮带款 咖面咖壳皮带款 白面白壳皮带款 白面咖壳皮带款 白面白壳钢带款 黑面白壳钢带款 白面咖壳钢带款 黑面咖壳钢带款 咖面咖壳钢带款');
INSERT INTO `propertyvalue` VALUES (8830, 621, 143, '时尚潮流');
INSERT INTO `propertyvalue` VALUES (8831, 622, 164, 'K-MZBK002');
INSERT INTO `propertyvalue` VALUES (8832, 622, 163, '男');
INSERT INTO `propertyvalue` VALUES (8833, 622, 162, '复古');
INSERT INTO `propertyvalue` VALUES (8834, 622, 161, '普通');
INSERT INTO `propertyvalue` VALUES (8835, 622, 160, '透底');
INSERT INTO `propertyvalue` VALUES (8836, 622, 159, '30米生活防水');
INSERT INTO `propertyvalue` VALUES (8837, 622, 158, '圆形');
INSERT INTO `propertyvalue` VALUES (8838, 622, 157, '卡诗顿');
INSERT INTO `propertyvalue` VALUES (8839, 622, 156, '店铺保修');
INSERT INTO `propertyvalue` VALUES (8840, 622, 155, '真皮');
INSERT INTO `propertyvalue` VALUES (8841, 622, 154, '2014年春夏季');
INSERT INTO `propertyvalue` VALUES (8842, 622, 153, '全新');
INSERT INTO `propertyvalue` VALUES (8843, 622, 152, '40mm');
INSERT INTO `propertyvalue` VALUES (8844, 622, 151, '国内');
INSERT INTO `propertyvalue` VALUES (8845, 622, 150, '11mm');
INSERT INTO `propertyvalue` VALUES (8846, 622, 149, '针扣');
INSERT INTO `propertyvalue` VALUES (8847, 622, 148, '镀膜玻璃');
INSERT INTO `propertyvalue` VALUES (8848, 622, 147, '自动机械表');
INSERT INTO `propertyvalue` VALUES (8849, 622, 146, '精钢');
INSERT INTO `propertyvalue` VALUES (8850, 622, 145, '指针式');
INSERT INTO `propertyvalue` VALUES (8851, 622, 144, '黑面咖壳皮带款 黑面白壳皮带款 咖面咖壳皮带款 白面白壳皮带款 白面咖壳皮带款 白面白壳钢带款 黑面白壳钢带款 白面咖壳钢带款 黑面咖壳钢带款 咖面咖壳钢带款');
INSERT INTO `propertyvalue` VALUES (8852, 622, 143, '时尚潮流');
INSERT INTO `propertyvalue` VALUES (8853, 623, 164, 'K-MZBK002');
INSERT INTO `propertyvalue` VALUES (8854, 623, 163, '男');
INSERT INTO `propertyvalue` VALUES (8855, 623, 162, '复古');
INSERT INTO `propertyvalue` VALUES (8856, 623, 161, '普通');
INSERT INTO `propertyvalue` VALUES (8857, 623, 160, '透底');
INSERT INTO `propertyvalue` VALUES (8858, 623, 159, '30米生活防水');
INSERT INTO `propertyvalue` VALUES (8859, 623, 158, '圆形');
INSERT INTO `propertyvalue` VALUES (8860, 623, 157, '卡诗顿');
INSERT INTO `propertyvalue` VALUES (8861, 623, 156, '店铺保修');
INSERT INTO `propertyvalue` VALUES (8862, 623, 155, '真皮');
INSERT INTO `propertyvalue` VALUES (8863, 623, 154, '2014年春夏季');
INSERT INTO `propertyvalue` VALUES (8864, 623, 153, '全新');
INSERT INTO `propertyvalue` VALUES (8865, 623, 152, '40mm');
INSERT INTO `propertyvalue` VALUES (8866, 623, 151, '国内');
INSERT INTO `propertyvalue` VALUES (8867, 623, 150, '11mm');
INSERT INTO `propertyvalue` VALUES (8868, 623, 149, '针扣');
INSERT INTO `propertyvalue` VALUES (8869, 623, 148, '镀膜玻璃');
INSERT INTO `propertyvalue` VALUES (8870, 623, 147, '自动机械表');
INSERT INTO `propertyvalue` VALUES (8871, 623, 146, '精钢');
INSERT INTO `propertyvalue` VALUES (8872, 623, 145, '指针式');
INSERT INTO `propertyvalue` VALUES (8873, 623, 144, '黑面咖壳皮带款 黑面白壳皮带款 咖面咖壳皮带款 白面白壳皮带款 白面咖壳皮带款 白面白壳钢带款 黑面白壳钢带款 白面咖壳钢带款 黑面咖壳钢带款 咖面咖壳钢带款');
INSERT INTO `propertyvalue` VALUES (8874, 623, 143, '时尚潮流');
INSERT INTO `propertyvalue` VALUES (8875, 624, 164, 'K-MZBK002');
INSERT INTO `propertyvalue` VALUES (8876, 624, 163, '男');
INSERT INTO `propertyvalue` VALUES (8877, 624, 162, '复古');
INSERT INTO `propertyvalue` VALUES (8878, 624, 161, '普通');
INSERT INTO `propertyvalue` VALUES (8879, 624, 160, '透底');
INSERT INTO `propertyvalue` VALUES (8880, 624, 159, '30米生活防水');
INSERT INTO `propertyvalue` VALUES (8881, 624, 158, '圆形');
INSERT INTO `propertyvalue` VALUES (8882, 624, 157, '卡诗顿');
INSERT INTO `propertyvalue` VALUES (8883, 624, 156, '店铺保修');
INSERT INTO `propertyvalue` VALUES (8884, 624, 155, '真皮');
INSERT INTO `propertyvalue` VALUES (8885, 624, 154, '2014年春夏季');
INSERT INTO `propertyvalue` VALUES (8886, 624, 153, '全新');
INSERT INTO `propertyvalue` VALUES (8887, 624, 152, '40mm');
INSERT INTO `propertyvalue` VALUES (8888, 624, 151, '国内');
INSERT INTO `propertyvalue` VALUES (8889, 624, 150, '11mm');
INSERT INTO `propertyvalue` VALUES (8890, 624, 149, '针扣');
INSERT INTO `propertyvalue` VALUES (8891, 624, 148, '镀膜玻璃');
INSERT INTO `propertyvalue` VALUES (8892, 624, 147, '自动机械表');
INSERT INTO `propertyvalue` VALUES (8893, 624, 146, '精钢');
INSERT INTO `propertyvalue` VALUES (8894, 624, 145, '指针式');
INSERT INTO `propertyvalue` VALUES (8895, 624, 144, '黑面咖壳皮带款 黑面白壳皮带款 咖面咖壳皮带款 白面白壳皮带款 白面咖壳皮带款 白面白壳钢带款 黑面白壳钢带款 白面咖壳钢带款 黑面咖壳钢带款 咖面咖壳钢带款');
INSERT INTO `propertyvalue` VALUES (8896, 624, 143, '时尚潮流');
INSERT INTO `propertyvalue` VALUES (10001, 673, 187, '头层牛皮');
INSERT INTO `propertyvalue` VALUES (10002, 673, 186, 'N8027-1');
INSERT INTO `propertyvalue` VALUES (10003, 673, 185, '无');
INSERT INTO `propertyvalue` VALUES (10004, 673, 184, '否');
INSERT INTO `propertyvalue` VALUES (10005, 673, 183, '拉链');
INSERT INTO `propertyvalue` VALUES (10006, 673, 182, '装卸式提把');
INSERT INTO `propertyvalue` VALUES (10007, 673, 181, '商务');
INSERT INTO `propertyvalue` VALUES (10008, 673, 180, '手拿');
INSERT INTO `propertyvalue` VALUES (10009, 673, 179, '牛皮');
INSERT INTO `propertyvalue` VALUES (10010, 673, 178, '青年');
INSERT INTO `propertyvalue` VALUES (10011, 673, 177, '内贴袋');
INSERT INTO `propertyvalue` VALUES (10012, 673, 176, '横款方形');
INSERT INTO `propertyvalue` VALUES (10013, 673, 175, 'BISON DENIM/美洲野牛');
INSERT INTO `propertyvalue` VALUES (10014, 673, 174, '2015年秋季');
INSERT INTO `propertyvalue` VALUES (10015, 673, 173, '涤纶');
INSERT INTO `propertyvalue` VALUES (10016, 673, 172, '全新');
INSERT INTO `propertyvalue` VALUES (10017, 673, 171, '纯色');
INSERT INTO `propertyvalue` VALUES (10018, 673, 170, '手拿包');
INSERT INTO `propertyvalue` VALUES (10019, 673, 169, '软');
INSERT INTO `propertyvalue` VALUES (10020, 673, 168, '小号黑色 大号黑色 大号啡色');
INSERT INTO `propertyvalue` VALUES (10021, 673, 167, '拉链暗袋');
INSERT INTO `propertyvalue` VALUES (10022, 673, 166, '小');
INSERT INTO `propertyvalue` VALUES (10023, 673, 165, '商务/OL');
INSERT INTO `propertyvalue` VALUES (10024, 674, 187, '头层牛皮');
INSERT INTO `propertyvalue` VALUES (10025, 674, 186, 'N8027-1');
INSERT INTO `propertyvalue` VALUES (10026, 674, 185, '无');
INSERT INTO `propertyvalue` VALUES (10027, 674, 184, '否');
INSERT INTO `propertyvalue` VALUES (10028, 674, 183, '拉链');
INSERT INTO `propertyvalue` VALUES (10029, 674, 182, '装卸式提把');
INSERT INTO `propertyvalue` VALUES (10030, 674, 181, '商务');
INSERT INTO `propertyvalue` VALUES (10031, 674, 180, '手拿');
INSERT INTO `propertyvalue` VALUES (10032, 674, 179, '牛皮');
INSERT INTO `propertyvalue` VALUES (10033, 674, 178, '青年');
INSERT INTO `propertyvalue` VALUES (10034, 674, 177, '内贴袋');
INSERT INTO `propertyvalue` VALUES (10035, 674, 176, '横款方形');
INSERT INTO `propertyvalue` VALUES (10036, 674, 175, 'BISON DENIM/美洲野牛');
INSERT INTO `propertyvalue` VALUES (10037, 674, 174, '2015年秋季');
INSERT INTO `propertyvalue` VALUES (10038, 674, 173, '涤纶');
INSERT INTO `propertyvalue` VALUES (10039, 674, 172, '全新');
INSERT INTO `propertyvalue` VALUES (10040, 674, 171, '纯色');
INSERT INTO `propertyvalue` VALUES (10041, 674, 170, '手拿包');
INSERT INTO `propertyvalue` VALUES (10042, 674, 169, '软');
INSERT INTO `propertyvalue` VALUES (10043, 674, 168, '小号黑色 大号黑色 大号啡色');
INSERT INTO `propertyvalue` VALUES (10044, 674, 167, '拉链暗袋');
INSERT INTO `propertyvalue` VALUES (10045, 674, 166, '小');
INSERT INTO `propertyvalue` VALUES (10046, 674, 165, '商务/OL');
INSERT INTO `propertyvalue` VALUES (10047, 675, 187, '头层牛皮');
INSERT INTO `propertyvalue` VALUES (10048, 675, 186, 'N8027-1');
INSERT INTO `propertyvalue` VALUES (10049, 675, 185, '无');
INSERT INTO `propertyvalue` VALUES (10050, 675, 184, '否');
INSERT INTO `propertyvalue` VALUES (10051, 675, 183, '拉链');
INSERT INTO `propertyvalue` VALUES (10052, 675, 182, '装卸式提把');
INSERT INTO `propertyvalue` VALUES (10053, 675, 181, '商务');
INSERT INTO `propertyvalue` VALUES (10054, 675, 180, '手拿');
INSERT INTO `propertyvalue` VALUES (10055, 675, 179, '牛皮');
INSERT INTO `propertyvalue` VALUES (10056, 675, 178, '青年');
INSERT INTO `propertyvalue` VALUES (10057, 675, 177, '内贴袋');
INSERT INTO `propertyvalue` VALUES (10058, 675, 176, '横款方形');
INSERT INTO `propertyvalue` VALUES (10059, 675, 175, 'BISON DENIM/美洲野牛');
INSERT INTO `propertyvalue` VALUES (10060, 675, 174, '2015年秋季');
INSERT INTO `propertyvalue` VALUES (10061, 675, 173, '涤纶');
INSERT INTO `propertyvalue` VALUES (10062, 675, 172, '全新');
INSERT INTO `propertyvalue` VALUES (10063, 675, 171, '纯色');
INSERT INTO `propertyvalue` VALUES (10064, 675, 170, '手拿包');
INSERT INTO `propertyvalue` VALUES (10065, 675, 169, '软');
INSERT INTO `propertyvalue` VALUES (10066, 675, 168, '小号黑色 大号黑色 大号啡色');
INSERT INTO `propertyvalue` VALUES (10067, 675, 167, '拉链暗袋');
INSERT INTO `propertyvalue` VALUES (10068, 675, 166, '小');
INSERT INTO `propertyvalue` VALUES (10069, 675, 165, '商务/OL');
INSERT INTO `propertyvalue` VALUES (10070, 676, 187, '头层牛皮');
INSERT INTO `propertyvalue` VALUES (10071, 676, 186, 'N8027-1');
INSERT INTO `propertyvalue` VALUES (10072, 676, 185, '无');
INSERT INTO `propertyvalue` VALUES (10073, 676, 184, '否');
INSERT INTO `propertyvalue` VALUES (10074, 676, 183, '拉链');
INSERT INTO `propertyvalue` VALUES (10075, 676, 182, '装卸式提把');
INSERT INTO `propertyvalue` VALUES (10076, 676, 181, '商务');
INSERT INTO `propertyvalue` VALUES (10077, 676, 180, '手拿');
INSERT INTO `propertyvalue` VALUES (10078, 676, 179, '牛皮');
INSERT INTO `propertyvalue` VALUES (10079, 676, 178, '青年');
INSERT INTO `propertyvalue` VALUES (10080, 676, 177, '内贴袋');
INSERT INTO `propertyvalue` VALUES (10081, 676, 176, '横款方形');
INSERT INTO `propertyvalue` VALUES (10082, 676, 175, 'BISON DENIM/美洲野牛');
INSERT INTO `propertyvalue` VALUES (10083, 676, 174, '2015年秋季');
INSERT INTO `propertyvalue` VALUES (10084, 676, 173, '涤纶');
INSERT INTO `propertyvalue` VALUES (10085, 676, 172, '全新');
INSERT INTO `propertyvalue` VALUES (10086, 676, 171, '纯色');
INSERT INTO `propertyvalue` VALUES (10087, 676, 170, '手拿包');
INSERT INTO `propertyvalue` VALUES (10088, 676, 169, '软');
INSERT INTO `propertyvalue` VALUES (10089, 676, 168, '小号黑色 大号黑色 大号啡色');
INSERT INTO `propertyvalue` VALUES (10090, 676, 167, '拉链暗袋');
INSERT INTO `propertyvalue` VALUES (10091, 676, 166, '小');
INSERT INTO `propertyvalue` VALUES (10092, 676, 165, '商务/OL');
INSERT INTO `propertyvalue` VALUES (10093, 677, 187, '头层牛皮');
INSERT INTO `propertyvalue` VALUES (10094, 677, 186, 'N8027-1');
INSERT INTO `propertyvalue` VALUES (10095, 677, 185, '无');
INSERT INTO `propertyvalue` VALUES (10096, 677, 184, '否');
INSERT INTO `propertyvalue` VALUES (10097, 677, 183, '拉链');
INSERT INTO `propertyvalue` VALUES (10098, 677, 182, '装卸式提把');
INSERT INTO `propertyvalue` VALUES (10099, 677, 181, '商务');
INSERT INTO `propertyvalue` VALUES (10100, 677, 180, '手拿');
INSERT INTO `propertyvalue` VALUES (10101, 677, 179, '牛皮');
INSERT INTO `propertyvalue` VALUES (10102, 677, 178, '青年');
INSERT INTO `propertyvalue` VALUES (10103, 677, 177, '内贴袋');
INSERT INTO `propertyvalue` VALUES (10104, 677, 176, '横款方形');
INSERT INTO `propertyvalue` VALUES (10105, 677, 175, 'BISON DENIM/美洲野牛');
INSERT INTO `propertyvalue` VALUES (10106, 677, 174, '2015年秋季');
INSERT INTO `propertyvalue` VALUES (10107, 677, 173, '涤纶');
INSERT INTO `propertyvalue` VALUES (10108, 677, 172, '全新');
INSERT INTO `propertyvalue` VALUES (10109, 677, 171, '纯色');
INSERT INTO `propertyvalue` VALUES (10110, 677, 170, '手拿包');
INSERT INTO `propertyvalue` VALUES (10111, 677, 169, '软');
INSERT INTO `propertyvalue` VALUES (10112, 677, 168, '小号黑色 大号黑色 大号啡色');
INSERT INTO `propertyvalue` VALUES (10113, 677, 167, '拉链暗袋');
INSERT INTO `propertyvalue` VALUES (10114, 677, 166, '小');
INSERT INTO `propertyvalue` VALUES (10115, 677, 165, '商务/OL');
INSERT INTO `propertyvalue` VALUES (10524, 729, 195, '薄');
INSERT INTO `propertyvalue` VALUES (10525, 729, 194, '聚酯纤维80% 粘胶纤维(粘纤)20%');
INSERT INTO `propertyvalue` VALUES (10526, 729, 193, '商务绅士');
INSERT INTO `propertyvalue` VALUES (10527, 729, 192, 'GM0020-A');
INSERT INTO `propertyvalue` VALUES (10528, 729, 191, 'G·Mons/吉约蒙');
INSERT INTO `propertyvalue` VALUES (10529, 729, 190, '2016年夏季');
INSERT INTO `propertyvalue` VALUES (10530, 729, 189, '条绒布');
INSERT INTO `propertyvalue` VALUES (10531, 729, 188, '纯电商(只在线上销售)');
INSERT INTO `propertyvalue` VALUES (10532, 730, 195, '薄');
INSERT INTO `propertyvalue` VALUES (10533, 730, 194, '聚酯纤维80% 粘胶纤维(粘纤)20%');
INSERT INTO `propertyvalue` VALUES (10534, 730, 193, '商务绅士');
INSERT INTO `propertyvalue` VALUES (10535, 730, 192, 'GM0020-A');
INSERT INTO `propertyvalue` VALUES (10536, 730, 191, 'G·Mons/吉约蒙');
INSERT INTO `propertyvalue` VALUES (10537, 730, 190, '2016年夏季');
INSERT INTO `propertyvalue` VALUES (10538, 730, 189, '条绒布');
INSERT INTO `propertyvalue` VALUES (10539, 730, 188, '纯电商(只在线上销售)');
INSERT INTO `propertyvalue` VALUES (10540, 731, 195, '薄');
INSERT INTO `propertyvalue` VALUES (10541, 731, 194, '聚酯纤维80% 粘胶纤维(粘纤)20%');
INSERT INTO `propertyvalue` VALUES (10542, 731, 193, '商务绅士');
INSERT INTO `propertyvalue` VALUES (10543, 731, 192, 'GM0020-A');
INSERT INTO `propertyvalue` VALUES (10544, 731, 191, 'G·Mons/吉约蒙');
INSERT INTO `propertyvalue` VALUES (10545, 731, 190, '2016年夏季');
INSERT INTO `propertyvalue` VALUES (10546, 731, 189, '条绒布');
INSERT INTO `propertyvalue` VALUES (10547, 731, 188, '纯电商(只在线上销售)');
INSERT INTO `propertyvalue` VALUES (10548, 732, 195, '薄');
INSERT INTO `propertyvalue` VALUES (10549, 732, 194, '聚酯纤维80% 粘胶纤维(粘纤)20%');
INSERT INTO `propertyvalue` VALUES (10550, 732, 193, '商务绅士');
INSERT INTO `propertyvalue` VALUES (10551, 732, 192, 'GM0020-A');
INSERT INTO `propertyvalue` VALUES (10552, 732, 191, 'G·Mons/吉约蒙');
INSERT INTO `propertyvalue` VALUES (10553, 732, 190, '2016年夏季');
INSERT INTO `propertyvalue` VALUES (10554, 732, 189, '条绒布');
INSERT INTO `propertyvalue` VALUES (10555, 732, 188, '纯电商(只在线上销售)');
INSERT INTO `propertyvalue` VALUES (10556, 733, 195, '薄');
INSERT INTO `propertyvalue` VALUES (10557, 733, 194, '聚酯纤维80% 粘胶纤维(粘纤)20%');
INSERT INTO `propertyvalue` VALUES (10558, 733, 193, '商务绅士');
INSERT INTO `propertyvalue` VALUES (10559, 733, 192, 'GM0020-A');
INSERT INTO `propertyvalue` VALUES (10560, 733, 191, 'G·Mons/吉约蒙');
INSERT INTO `propertyvalue` VALUES (10561, 733, 190, '2016年夏季');
INSERT INTO `propertyvalue` VALUES (10562, 733, 189, '条绒布');
INSERT INTO `propertyvalue` VALUES (10563, 733, 188, '纯电商(只在线上销售)');
INSERT INTO `propertyvalue` VALUES (11814, 784, 220, '日常');
INSERT INTO `propertyvalue` VALUES (11815, 784, 219, '布');
INSERT INTO `propertyvalue` VALUES (11816, 784, 218, '圆头');
INSERT INTO `propertyvalue` VALUES (11817, 784, 217, 'LS39537');
INSERT INTO `propertyvalue` VALUES (11818, 784, 216, '平跟');
INSERT INTO `propertyvalue` VALUES (11819, 784, 215, '车缝线');
INSERT INTO `propertyvalue` VALUES (11820, 784, 214, '松紧带');
INSERT INTO `propertyvalue` VALUES (11821, 784, 213, '38 39 40 41 42 43 44');
INSERT INTO `propertyvalue` VALUES (11822, 784, 212, '胶粘鞋');
INSERT INTO `propertyvalue` VALUES (11823, 784, 211, '透气');
INSERT INTO `propertyvalue` VALUES (11824, 784, 210, '商场同款(线上线下都销售)');
INSERT INTO `propertyvalue` VALUES (11825, 784, 209, '青年（18-40周岁） 中年（40-60周岁） 老年（60周岁以上）');
INSERT INTO `propertyvalue` VALUES (11826, 784, 208, 'PLAYBOY/花花公子');
INSERT INTO `propertyvalue` VALUES (11827, 784, 207, '低跟(1-3cm)');
INSERT INTO `propertyvalue` VALUES (11828, 784, 206, '日常休闲');
INSERT INTO `propertyvalue` VALUES (11829, 784, 205, '夏季');
INSERT INTO `propertyvalue` VALUES (11830, 784, 204, '布');
INSERT INTO `propertyvalue` VALUES (11831, 784, 203, '纯色');
INSERT INTO `propertyvalue` VALUES (11832, 784, 202, '布鞋');
INSERT INTO `propertyvalue` VALUES (11833, 784, 201, '2016年夏季');
INSERT INTO `propertyvalue` VALUES (11834, 784, 200, '蓝色 棕色 灰色');
INSERT INTO `propertyvalue` VALUES (11835, 784, 199, '橡胶');
INSERT INTO `propertyvalue` VALUES (11836, 784, 198, '布鞋');
INSERT INTO `propertyvalue` VALUES (11837, 784, 197, '布');
INSERT INTO `propertyvalue` VALUES (11838, 784, 196, '休闲');
INSERT INTO `propertyvalue` VALUES (11839, 785, 220, '日常');
INSERT INTO `propertyvalue` VALUES (11840, 785, 219, '布');
INSERT INTO `propertyvalue` VALUES (11841, 785, 218, '圆头');
INSERT INTO `propertyvalue` VALUES (11842, 785, 217, 'LS39537');
INSERT INTO `propertyvalue` VALUES (11843, 785, 216, '平跟');
INSERT INTO `propertyvalue` VALUES (11844, 785, 215, '车缝线');
INSERT INTO `propertyvalue` VALUES (11845, 785, 214, '松紧带');
INSERT INTO `propertyvalue` VALUES (11846, 785, 213, '38 39 40 41 42 43 44');
INSERT INTO `propertyvalue` VALUES (11847, 785, 212, '胶粘鞋');
INSERT INTO `propertyvalue` VALUES (11848, 785, 211, '透气');
INSERT INTO `propertyvalue` VALUES (11849, 785, 210, '商场同款(线上线下都销售)');
INSERT INTO `propertyvalue` VALUES (11850, 785, 209, '青年（18-40周岁） 中年（40-60周岁） 老年（60周岁以上）');
INSERT INTO `propertyvalue` VALUES (11851, 785, 208, 'PLAYBOY/花花公子');
INSERT INTO `propertyvalue` VALUES (11852, 785, 207, '低跟(1-3cm)');
INSERT INTO `propertyvalue` VALUES (11853, 785, 206, '日常休闲');
INSERT INTO `propertyvalue` VALUES (11854, 785, 205, '夏季');
INSERT INTO `propertyvalue` VALUES (11855, 785, 204, '布');
INSERT INTO `propertyvalue` VALUES (11856, 785, 203, '纯色');
INSERT INTO `propertyvalue` VALUES (11857, 785, 202, '布鞋');
INSERT INTO `propertyvalue` VALUES (11858, 785, 201, '2016年夏季');
INSERT INTO `propertyvalue` VALUES (11859, 785, 200, '蓝色 棕色 灰色');
INSERT INTO `propertyvalue` VALUES (11860, 785, 199, '橡胶');
INSERT INTO `propertyvalue` VALUES (11861, 785, 198, '布鞋');
INSERT INTO `propertyvalue` VALUES (11862, 785, 197, '布');
INSERT INTO `propertyvalue` VALUES (11863, 785, 196, '休闲');
INSERT INTO `propertyvalue` VALUES (11864, 786, 220, '日常');
INSERT INTO `propertyvalue` VALUES (11865, 786, 219, '布');
INSERT INTO `propertyvalue` VALUES (11866, 786, 218, '圆头');
INSERT INTO `propertyvalue` VALUES (11867, 786, 217, 'LS39537');
INSERT INTO `propertyvalue` VALUES (11868, 786, 216, '平跟');
INSERT INTO `propertyvalue` VALUES (11869, 786, 215, '车缝线');
INSERT INTO `propertyvalue` VALUES (11870, 786, 214, '松紧带');
INSERT INTO `propertyvalue` VALUES (11871, 786, 213, '38 39 40 41 42 43 44');
INSERT INTO `propertyvalue` VALUES (11872, 786, 212, '胶粘鞋');
INSERT INTO `propertyvalue` VALUES (11873, 786, 211, '透气');
INSERT INTO `propertyvalue` VALUES (11874, 786, 210, '商场同款(线上线下都销售)');
INSERT INTO `propertyvalue` VALUES (11875, 786, 209, '青年（18-40周岁） 中年（40-60周岁） 老年（60周岁以上）');
INSERT INTO `propertyvalue` VALUES (11876, 786, 208, 'PLAYBOY/花花公子');
INSERT INTO `propertyvalue` VALUES (11877, 786, 207, '低跟(1-3cm)');
INSERT INTO `propertyvalue` VALUES (11878, 786, 206, '日常休闲');
INSERT INTO `propertyvalue` VALUES (11879, 786, 205, '夏季');
INSERT INTO `propertyvalue` VALUES (11880, 786, 204, '布');
INSERT INTO `propertyvalue` VALUES (11881, 786, 203, '纯色');
INSERT INTO `propertyvalue` VALUES (11882, 786, 202, '布鞋');
INSERT INTO `propertyvalue` VALUES (11883, 786, 201, '2016年夏季');
INSERT INTO `propertyvalue` VALUES (11884, 786, 200, '蓝色 棕色 灰色');
INSERT INTO `propertyvalue` VALUES (11885, 786, 199, '橡胶');
INSERT INTO `propertyvalue` VALUES (11886, 786, 198, '布鞋');
INSERT INTO `propertyvalue` VALUES (11887, 786, 197, '布');
INSERT INTO `propertyvalue` VALUES (11888, 786, 196, '休闲');
INSERT INTO `propertyvalue` VALUES (11889, 787, 220, '日常');
INSERT INTO `propertyvalue` VALUES (11890, 787, 219, '布');
INSERT INTO `propertyvalue` VALUES (11891, 787, 218, '圆头');
INSERT INTO `propertyvalue` VALUES (11892, 787, 217, 'LS39537');
INSERT INTO `propertyvalue` VALUES (11893, 787, 216, '平跟');
INSERT INTO `propertyvalue` VALUES (11894, 787, 215, '车缝线');
INSERT INTO `propertyvalue` VALUES (11895, 787, 214, '松紧带');
INSERT INTO `propertyvalue` VALUES (11896, 787, 213, '38 39 40 41 42 43 44');
INSERT INTO `propertyvalue` VALUES (11897, 787, 212, '胶粘鞋');
INSERT INTO `propertyvalue` VALUES (11898, 787, 211, '透气');
INSERT INTO `propertyvalue` VALUES (11899, 787, 210, '商场同款(线上线下都销售)');
INSERT INTO `propertyvalue` VALUES (11900, 787, 209, '青年（18-40周岁） 中年（40-60周岁） 老年（60周岁以上）');
INSERT INTO `propertyvalue` VALUES (11901, 787, 208, 'PLAYBOY/花花公子');
INSERT INTO `propertyvalue` VALUES (11902, 787, 207, '低跟(1-3cm)');
INSERT INTO `propertyvalue` VALUES (11903, 787, 206, '日常休闲');
INSERT INTO `propertyvalue` VALUES (11904, 787, 205, '夏季');
INSERT INTO `propertyvalue` VALUES (11905, 787, 204, '布');
INSERT INTO `propertyvalue` VALUES (11906, 787, 203, '纯色');
INSERT INTO `propertyvalue` VALUES (11907, 787, 202, '布鞋');
INSERT INTO `propertyvalue` VALUES (11908, 787, 201, '2016年夏季');
INSERT INTO `propertyvalue` VALUES (11909, 787, 200, '蓝色 棕色 灰色');
INSERT INTO `propertyvalue` VALUES (11910, 787, 199, '橡胶');
INSERT INTO `propertyvalue` VALUES (11911, 787, 198, '布鞋');
INSERT INTO `propertyvalue` VALUES (11912, 787, 197, '布');
INSERT INTO `propertyvalue` VALUES (11913, 787, 196, '休闲');
INSERT INTO `propertyvalue` VALUES (11914, 788, 220, '日常');
INSERT INTO `propertyvalue` VALUES (11915, 788, 219, '布');
INSERT INTO `propertyvalue` VALUES (11916, 788, 218, '圆头');
INSERT INTO `propertyvalue` VALUES (11917, 788, 217, 'LS39537');
INSERT INTO `propertyvalue` VALUES (11918, 788, 216, '平跟');
INSERT INTO `propertyvalue` VALUES (11919, 788, 215, '车缝线');
INSERT INTO `propertyvalue` VALUES (11920, 788, 214, '松紧带');
INSERT INTO `propertyvalue` VALUES (11921, 788, 213, '38 39 40 41 42 43 44');
INSERT INTO `propertyvalue` VALUES (11922, 788, 212, '胶粘鞋');
INSERT INTO `propertyvalue` VALUES (11923, 788, 211, '透气');
INSERT INTO `propertyvalue` VALUES (11924, 788, 210, '商场同款(线上线下都销售)');
INSERT INTO `propertyvalue` VALUES (11925, 788, 209, '青年（18-40周岁） 中年（40-60周岁） 老年（60周岁以上）');
INSERT INTO `propertyvalue` VALUES (11926, 788, 208, 'PLAYBOY/花花公子');
INSERT INTO `propertyvalue` VALUES (11927, 788, 207, '低跟(1-3cm)');
INSERT INTO `propertyvalue` VALUES (11928, 788, 206, '日常休闲');
INSERT INTO `propertyvalue` VALUES (11929, 788, 205, '夏季');
INSERT INTO `propertyvalue` VALUES (11930, 788, 204, '布');
INSERT INTO `propertyvalue` VALUES (11931, 788, 203, '纯色');
INSERT INTO `propertyvalue` VALUES (11932, 788, 202, '布鞋');
INSERT INTO `propertyvalue` VALUES (11933, 788, 201, '2016年夏季');
INSERT INTO `propertyvalue` VALUES (11934, 788, 200, '蓝色 棕色 灰色');
INSERT INTO `propertyvalue` VALUES (11935, 788, 199, '橡胶');
INSERT INTO `propertyvalue` VALUES (11936, 788, 198, '布鞋');
INSERT INTO `propertyvalue` VALUES (11937, 788, 197, '布');
INSERT INTO `propertyvalue` VALUES (11938, 788, 196, '休闲');
INSERT INTO `propertyvalue` VALUES (12324, 844, 227, '聚酯纤维100%');
INSERT INTO `propertyvalue` VALUES (12325, 844, 226, 'Emyche/艾米秋');
INSERT INTO `propertyvalue` VALUES (12326, 844, 225, '129668');
INSERT INTO `propertyvalue` VALUES (12327, 844, 224, 'L M S XL XXL');
INSERT INTO `propertyvalue` VALUES (12328, 844, 223, '2016年夏季');
INSERT INTO `propertyvalue` VALUES (12329, 844, 222, '白色 黑色 浅蓝');
INSERT INTO `propertyvalue` VALUES (12330, 844, 221, '18-25周岁');
INSERT INTO `propertyvalue` VALUES (12331, 845, 227, '聚酯纤维100%');
INSERT INTO `propertyvalue` VALUES (12332, 845, 226, 'Emyche/艾米秋');
INSERT INTO `propertyvalue` VALUES (12333, 845, 225, '129668');
INSERT INTO `propertyvalue` VALUES (12334, 845, 224, 'L M S XL XXL');
INSERT INTO `propertyvalue` VALUES (12335, 845, 223, '2016年夏季');
INSERT INTO `propertyvalue` VALUES (12336, 845, 222, '白色 黑色 浅蓝');
INSERT INTO `propertyvalue` VALUES (12337, 845, 221, '18-25周岁');
INSERT INTO `propertyvalue` VALUES (12338, 846, 227, '聚酯纤维100%');
INSERT INTO `propertyvalue` VALUES (12339, 846, 226, 'Emyche/艾米秋');
INSERT INTO `propertyvalue` VALUES (12340, 846, 225, '129668');
INSERT INTO `propertyvalue` VALUES (12341, 846, 224, 'L M S XL XXL');
INSERT INTO `propertyvalue` VALUES (12342, 846, 223, '2016年夏季');
INSERT INTO `propertyvalue` VALUES (12343, 846, 222, '白色 黑色 浅蓝');
INSERT INTO `propertyvalue` VALUES (12344, 846, 221, '18-25周岁');
INSERT INTO `propertyvalue` VALUES (12345, 847, 227, '聚酯纤维100%');
INSERT INTO `propertyvalue` VALUES (12346, 847, 226, 'Emyche/艾米秋');
INSERT INTO `propertyvalue` VALUES (12347, 847, 225, '129668');
INSERT INTO `propertyvalue` VALUES (12348, 847, 224, 'L M S XL XXL');
INSERT INTO `propertyvalue` VALUES (12349, 847, 223, '2016年夏季');
INSERT INTO `propertyvalue` VALUES (12350, 847, 222, '白色 黑色 浅蓝');
INSERT INTO `propertyvalue` VALUES (12351, 847, 221, '18-25周岁');
INSERT INTO `propertyvalue` VALUES (12352, 848, 227, '聚酯纤维100%');
INSERT INTO `propertyvalue` VALUES (12353, 848, 226, 'Emyche/艾米秋');
INSERT INTO `propertyvalue` VALUES (12354, 848, 225, '129668');
INSERT INTO `propertyvalue` VALUES (12355, 848, 224, 'L M S XL XXL');
INSERT INTO `propertyvalue` VALUES (12356, 848, 223, '2016年夏季');
INSERT INTO `propertyvalue` VALUES (12357, 848, 222, '白色 黑色 浅蓝');
INSERT INTO `propertyvalue` VALUES (12358, 848, 221, '18-25周岁');
INSERT INTO `propertyvalue` VALUES (13109, 899, 242, '圆脸 长脸 方脸 椭圆形脸');
INSERT INTO `propertyvalue` VALUES (13110, 899, 241, '镜面弧度 镜架松紧');
INSERT INTO `propertyvalue` VALUES (13111, 899, 240, '黑框黑灰片 枪框渐灰片 银框反光膜天蓝片 金框G15片');
INSERT INTO `propertyvalue` VALUES (13112, 899, 239, '8009');
INSERT INTO `propertyvalue` VALUES (13113, 899, 238, '其他');
INSERT INTO `propertyvalue` VALUES (13114, 899, 237, '否');
INSERT INTO `propertyvalue` VALUES (13115, 899, 236, '镜布 镜盒');
INSERT INTO `propertyvalue` VALUES (13116, 899, 235, '100 - 200元');
INSERT INTO `propertyvalue` VALUES (13117, 899, 234, '个性 舒适 运动');
INSERT INTO `propertyvalue` VALUES (13118, 899, 233, '男');
INSERT INTO `propertyvalue` VALUES (13119, 899, 232, '防UVA 防UVB 偏光');
INSERT INTO `propertyvalue` VALUES (13120, 899, 231, '8009');
INSERT INTO `propertyvalue` VALUES (13121, 899, 230, '2014年春夏季');
INSERT INTO `propertyvalue` VALUES (13122, 899, 229, '厦门');
INSERT INTO `propertyvalue` VALUES (13123, 899, 228, 'PARZIN/帕森');
INSERT INTO `propertyvalue` VALUES (13124, 900, 242, '圆脸 长脸 方脸 椭圆形脸');
INSERT INTO `propertyvalue` VALUES (13125, 900, 241, '镜面弧度 镜架松紧');
INSERT INTO `propertyvalue` VALUES (13126, 900, 240, '黑框黑灰片 枪框渐灰片 银框反光膜天蓝片 金框G15片');
INSERT INTO `propertyvalue` VALUES (13127, 900, 239, '8009');
INSERT INTO `propertyvalue` VALUES (13128, 900, 238, '其他');
INSERT INTO `propertyvalue` VALUES (13129, 900, 237, '否');
INSERT INTO `propertyvalue` VALUES (13130, 900, 236, '镜布 镜盒');
INSERT INTO `propertyvalue` VALUES (13131, 900, 235, '100 - 200元');
INSERT INTO `propertyvalue` VALUES (13132, 900, 234, '个性 舒适 运动');
INSERT INTO `propertyvalue` VALUES (13133, 900, 233, '男');
INSERT INTO `propertyvalue` VALUES (13134, 900, 232, '防UVA 防UVB 偏光');
INSERT INTO `propertyvalue` VALUES (13135, 900, 231, '8009');
INSERT INTO `propertyvalue` VALUES (13136, 900, 230, '2014年春夏季');
INSERT INTO `propertyvalue` VALUES (13137, 900, 229, '厦门');
INSERT INTO `propertyvalue` VALUES (13138, 900, 228, 'PARZIN/帕森');
INSERT INTO `propertyvalue` VALUES (13139, 901, 242, '圆脸 长脸 方脸 椭圆形脸');
INSERT INTO `propertyvalue` VALUES (13140, 901, 241, '镜面弧度 镜架松紧');
INSERT INTO `propertyvalue` VALUES (13141, 901, 240, '黑框黑灰片 枪框渐灰片 银框反光膜天蓝片 金框G15片');
INSERT INTO `propertyvalue` VALUES (13142, 901, 239, '8009');
INSERT INTO `propertyvalue` VALUES (13143, 901, 238, '其他');
INSERT INTO `propertyvalue` VALUES (13144, 901, 237, '否');
INSERT INTO `propertyvalue` VALUES (13145, 901, 236, '镜布 镜盒');
INSERT INTO `propertyvalue` VALUES (13146, 901, 235, '100 - 200元');
INSERT INTO `propertyvalue` VALUES (13147, 901, 234, '个性 舒适 运动');
INSERT INTO `propertyvalue` VALUES (13148, 901, 233, '男');
INSERT INTO `propertyvalue` VALUES (13149, 901, 232, '防UVA 防UVB 偏光');
INSERT INTO `propertyvalue` VALUES (13150, 901, 231, '8009');
INSERT INTO `propertyvalue` VALUES (13151, 901, 230, '2014年春夏季');
INSERT INTO `propertyvalue` VALUES (13152, 901, 229, '厦门');
INSERT INTO `propertyvalue` VALUES (13153, 901, 228, 'PARZIN/帕森');
INSERT INTO `propertyvalue` VALUES (13154, 902, 242, '圆脸 长脸 方脸 椭圆形脸');
INSERT INTO `propertyvalue` VALUES (13155, 902, 241, '镜面弧度 镜架松紧');
INSERT INTO `propertyvalue` VALUES (13156, 902, 240, '黑框黑灰片 枪框渐灰片 银框反光膜天蓝片 金框G15片');
INSERT INTO `propertyvalue` VALUES (13157, 902, 239, '8009');
INSERT INTO `propertyvalue` VALUES (13158, 902, 238, '其他');
INSERT INTO `propertyvalue` VALUES (13159, 902, 237, '否');
INSERT INTO `propertyvalue` VALUES (13160, 902, 236, '镜布 镜盒');
INSERT INTO `propertyvalue` VALUES (13161, 902, 235, '100 - 200元');
INSERT INTO `propertyvalue` VALUES (13162, 902, 234, '个性 舒适 运动');
INSERT INTO `propertyvalue` VALUES (13163, 902, 233, '男');
INSERT INTO `propertyvalue` VALUES (13164, 902, 232, '防UVA 防UVB 偏光');
INSERT INTO `propertyvalue` VALUES (13165, 902, 231, '8009');
INSERT INTO `propertyvalue` VALUES (13166, 902, 230, '2014年春夏季');
INSERT INTO `propertyvalue` VALUES (13167, 902, 229, '厦门');
INSERT INTO `propertyvalue` VALUES (13168, 902, 228, 'PARZIN/帕森');
INSERT INTO `propertyvalue` VALUES (13169, 903, 242, '圆脸 长脸 方脸 椭圆形脸');
INSERT INTO `propertyvalue` VALUES (13170, 903, 241, '镜面弧度 镜架松紧');
INSERT INTO `propertyvalue` VALUES (13171, 903, 240, '黑框黑灰片 枪框渐灰片 银框反光膜天蓝片 金框G15片');
INSERT INTO `propertyvalue` VALUES (13172, 903, 239, '8009');
INSERT INTO `propertyvalue` VALUES (13173, 903, 238, '其他');
INSERT INTO `propertyvalue` VALUES (13174, 903, 237, '否');
INSERT INTO `propertyvalue` VALUES (13175, 903, 236, '镜布 镜盒');
INSERT INTO `propertyvalue` VALUES (13176, 903, 235, '100 - 200元');
INSERT INTO `propertyvalue` VALUES (13177, 903, 234, '个性 舒适 运动');
INSERT INTO `propertyvalue` VALUES (13178, 903, 233, '男');
INSERT INTO `propertyvalue` VALUES (13179, 903, 232, '防UVA 防UVB 偏光');
INSERT INTO `propertyvalue` VALUES (13180, 903, 231, '8009');
INSERT INTO `propertyvalue` VALUES (13181, 903, 230, '2014年春夏季');
INSERT INTO `propertyvalue` VALUES (13182, 903, 229, '厦门');
INSERT INTO `propertyvalue` VALUES (13183, 903, 228, 'PARZIN/帕森');
INSERT INTO `propertyvalue` VALUES (13994, 958, 257, '6周岁以下');
INSERT INTO `propertyvalue` VALUES (13995, 958, 256, 'Baby first/宝贝第一');
INSERT INTO `propertyvalue` VALUES (13996, 958, 255, '五点式');
INSERT INTO `propertyvalue` VALUES (13997, 958, 254, '机动车儿童乘员用约束系统');
INSERT INTO `propertyvalue` VALUES (13998, 958, 253, '坐式');
INSERT INTO `propertyvalue` VALUES (13999, 958, 252, '宝塔蓝 橄榄绿 星空蓝 深海蓝 凯旋红 石榴紫 经典红');
INSERT INTO `propertyvalue` VALUES (14000, 958, 251, '麦克英孚(宁波)婴童用品有限公司');
INSERT INTO `propertyvalue` VALUES (14001, 958, 250, '太空城堡');
INSERT INTO `propertyvalue` VALUES (14002, 958, 249, '2014092207000022');
INSERT INTO `propertyvalue` VALUES (14003, 958, 248, '25KG以下');
INSERT INTO `propertyvalue` VALUES (14004, 958, 247, 'Isofix接口');
INSERT INTO `propertyvalue` VALUES (14005, 958, 246, '麦克英孚(宁波)婴童用品有限公司');
INSERT INTO `propertyvalue` VALUES (14006, 958, 245, 'R102A太空城堡儿童约束系统');
INSERT INTO `propertyvalue` VALUES (14007, 958, 244, '有效');
INSERT INTO `propertyvalue` VALUES (14008, 958, 243, '中国大陆');
INSERT INTO `propertyvalue` VALUES (14009, 959, 257, '6周岁以下');
INSERT INTO `propertyvalue` VALUES (14010, 959, 256, 'Baby first/宝贝第一');
INSERT INTO `propertyvalue` VALUES (14011, 959, 255, '五点式');
INSERT INTO `propertyvalue` VALUES (14012, 959, 254, '机动车儿童乘员用约束系统');
INSERT INTO `propertyvalue` VALUES (14013, 959, 253, '坐式');
INSERT INTO `propertyvalue` VALUES (14014, 959, 252, '宝塔蓝 橄榄绿 星空蓝 深海蓝 凯旋红 石榴紫 经典红');
INSERT INTO `propertyvalue` VALUES (14015, 959, 251, '麦克英孚(宁波)婴童用品有限公司');
INSERT INTO `propertyvalue` VALUES (14016, 959, 250, '太空城堡');
INSERT INTO `propertyvalue` VALUES (14017, 959, 249, '2014092207000022');
INSERT INTO `propertyvalue` VALUES (14018, 959, 248, '25KG以下');
INSERT INTO `propertyvalue` VALUES (14019, 959, 247, 'Isofix接口');
INSERT INTO `propertyvalue` VALUES (14020, 959, 246, '麦克英孚(宁波)婴童用品有限公司');
INSERT INTO `propertyvalue` VALUES (14021, 959, 245, 'R102A太空城堡儿童约束系统');
INSERT INTO `propertyvalue` VALUES (14022, 959, 244, '有效');
INSERT INTO `propertyvalue` VALUES (14023, 959, 243, '中国大陆');
INSERT INTO `propertyvalue` VALUES (14024, 960, 257, '6周岁以下');
INSERT INTO `propertyvalue` VALUES (14025, 960, 256, 'Baby first/宝贝第一');
INSERT INTO `propertyvalue` VALUES (14026, 960, 255, '五点式');
INSERT INTO `propertyvalue` VALUES (14027, 960, 254, '机动车儿童乘员用约束系统');
INSERT INTO `propertyvalue` VALUES (14028, 960, 253, '坐式2016');
INSERT INTO `propertyvalue` VALUES (14029, 960, 252, '宝塔蓝 橄榄绿 星空蓝 深海蓝 凯旋红 石榴紫 经典红');
INSERT INTO `propertyvalue` VALUES (14030, 960, 251, '麦克英孚(宁波)婴童用品有限公司');
INSERT INTO `propertyvalue` VALUES (14031, 960, 250, '太空城堡');
INSERT INTO `propertyvalue` VALUES (14032, 960, 249, '2014092207000022');
INSERT INTO `propertyvalue` VALUES (14033, 960, 248, '25KG以下');
INSERT INTO `propertyvalue` VALUES (14034, 960, 247, 'Isofix接口');
INSERT INTO `propertyvalue` VALUES (14035, 960, 246, '麦克英孚(宁波)婴童用品有限公司');
INSERT INTO `propertyvalue` VALUES (14036, 960, 245, 'R102A太空城堡儿童约束系统');
INSERT INTO `propertyvalue` VALUES (14037, 960, 244, '有效');
INSERT INTO `propertyvalue` VALUES (14038, 960, 243, '中国大陆');
INSERT INTO `propertyvalue` VALUES (14039, 961, 257, '6周岁以下');
INSERT INTO `propertyvalue` VALUES (14040, 961, 256, 'Baby first/宝贝第一');
INSERT INTO `propertyvalue` VALUES (14041, 961, 255, '五点式');
INSERT INTO `propertyvalue` VALUES (14042, 961, 254, '机动车儿童乘员用约束系统');
INSERT INTO `propertyvalue` VALUES (14043, 961, 253, '坐式');
INSERT INTO `propertyvalue` VALUES (14044, 961, 252, '宝塔蓝 橄榄绿 星空蓝 深海蓝 凯旋红 石榴紫 经典红');
INSERT INTO `propertyvalue` VALUES (14045, 961, 251, '麦克英孚(宁波)婴童用品有限公司');
INSERT INTO `propertyvalue` VALUES (14046, 961, 250, '太空城堡');
INSERT INTO `propertyvalue` VALUES (14047, 961, 249, '2014092207000022');
INSERT INTO `propertyvalue` VALUES (14048, 961, 248, '25KG以下');
INSERT INTO `propertyvalue` VALUES (14049, 961, 247, 'Isofix接口');
INSERT INTO `propertyvalue` VALUES (14050, 961, 246, '麦克英孚(宁波)婴童用品有限公司');
INSERT INTO `propertyvalue` VALUES (14051, 961, 245, 'R102A太空城堡儿童约束系统');
INSERT INTO `propertyvalue` VALUES (14052, 961, 244, '有效');
INSERT INTO `propertyvalue` VALUES (14053, 961, 243, '中国大陆');
INSERT INTO `propertyvalue` VALUES (14054, 962, 257, '6周岁以下');
INSERT INTO `propertyvalue` VALUES (14055, 962, 256, 'Baby first/宝贝第一');
INSERT INTO `propertyvalue` VALUES (14056, 962, 255, '五点式');
INSERT INTO `propertyvalue` VALUES (14057, 962, 254, '机动车儿童乘员用约束系统');
INSERT INTO `propertyvalue` VALUES (14058, 962, 253, '坐式');
INSERT INTO `propertyvalue` VALUES (14059, 962, 252, '宝塔蓝 橄榄绿 星空蓝 深海蓝 凯旋红 石榴紫 经典红');
INSERT INTO `propertyvalue` VALUES (14060, 962, 251, '麦克英孚(宁波)婴童用品有限公司');
INSERT INTO `propertyvalue` VALUES (14061, 962, 250, '太空城堡');
INSERT INTO `propertyvalue` VALUES (14062, 962, 249, '2014092207000022');
INSERT INTO `propertyvalue` VALUES (14063, 962, 248, '25KG以下');
INSERT INTO `propertyvalue` VALUES (14064, 962, 247, 'Isofix接口');
INSERT INTO `propertyvalue` VALUES (14065, 962, 246, '麦克英孚(宁波)婴童用品有限公司');
INSERT INTO `propertyvalue` VALUES (14066, 962, 245, 'R102A太空城堡儿童约束系统');
INSERT INTO `propertyvalue` VALUES (14067, 962, 244, '有效');
INSERT INTO `propertyvalue` VALUES (14068, 962, 243, '中国大陆');

-- ----------------------------
-- Table structure for review
-- ----------------------------
DROP TABLE IF EXISTS `review`;
CREATE TABLE `review`  (
  `id` int(11) NOT NULL AUTO_INCREMENT,
  `content` varchar(4000) CHARACTER SET utf8 COLLATE utf8_general_ci NULL DEFAULT NULL,
  `uid` int(11) NULL DEFAULT NULL,
  `pid` int(11) NULL DEFAULT NULL,
  `createDate` datetime(0) NULL DEFAULT NULL,
  PRIMARY KEY (`id`) USING BTREE,
  INDEX `fk_review_product`(`pid`) USING BTREE,
  INDEX `fk_review_user`(`uid`) USING BTREE,
  CONSTRAINT `fk_review_product` FOREIGN KEY (`pid`) REFERENCES `product` (`id`) ON DELETE RESTRICT ON UPDATE CASCADE,
  CONSTRAINT `fk_review_user` FOREIGN KEY (`uid`) REFERENCES `user` (`id`) ON DELETE RESTRICT ON UPDATE CASCADE
) ENGINE = InnoDB AUTO_INCREMENT = 3 CHARACTER SET = utf8 COLLATE = utf8_general_ci ROW_FORMAT = Dynamic;

-- ----------------------------
-- Table structure for role
-- ----------------------------
DROP TABLE IF EXISTS `role`;
CREATE TABLE `role`  (
  `id` int(11) NOT NULL AUTO_INCREMENT,
  `name` varchar(255) CHARACTER SET utf8mb4 COLLATE utf8mb4_general_ci NULL DEFAULT NULL,
  `des` varchar(255) CHARACTER SET utf8mb4 COLLATE utf8mb4_general_ci NULL DEFAULT NULL,
  PRIMARY KEY (`id`) USING BTREE
) ENGINE = InnoDB AUTO_INCREMENT = 6 CHARACTER SET = utf8mb4 COLLATE = utf8mb4_general_ci ROW_FORMAT = Dynamic;

-- ----------------------------
-- Records of role
-- ----------------------------
INSERT INTO `role` VALUES (1, 'admin', '所有权限');
INSERT INTO `role` VALUES (2, 'normal', '普通用户');
INSERT INTO `role` VALUES (4, 'opass', '操作订单');
INSERT INTO `role` VALUES (5, 'upass', '查看用户');
INSERT INTO `role` VALUES (6, 'ppass', '操作商品');

-- ----------------------------
-- Table structure for role_permission
-- ----------------------------
DROP TABLE IF EXISTS `role_permission`;
CREATE TABLE `role_permission`  (
  `id` int(11) NOT NULL AUTO_INCREMENT,
  `rid` int(11) NULL DEFAULT NULL,
  `pid` int(11) NULL DEFAULT NULL,
  PRIMARY KEY (`id`) USING BTREE
) ENGINE = InnoDB AUTO_INCREMENT = 47 CHARACTER SET = utf8mb4 COLLATE = utf8mb4_general_ci ROW_FORMAT = Dynamic;

-- ----------------------------
-- Records of role_permission
-- ----------------------------
INSERT INTO `role_permission` VALUES (23, 1, 12);
INSERT INTO `role_permission` VALUES (24, 1, 13);
INSERT INTO `role_permission` VALUES (25, 1, 14);
INSERT INTO `role_permission` VALUES (26, 1, 15);
INSERT INTO `role_permission` VALUES (27, 1, 16);
INSERT INTO `role_permission` VALUES (28, 1, 17);
INSERT INTO `role_permission` VALUES (29, 1, 18);
INSERT INTO `role_permission` VALUES (30, 1, 19);
INSERT INTO `role_permission` VALUES (31, 1, 20);
INSERT INTO `role_permission` VALUES (32, 4, 12);
INSERT INTO `role_permission` VALUES (34, 4, 14);
INSERT INTO `role_permission` VALUES (36, 5, 12);
INSERT INTO `role_permission` VALUES (38, 5, 20);
INSERT INTO `role_permission` VALUES (39, 6, 12);
INSERT INTO `role_permission` VALUES (40, 6, 13);
INSERT INTO `role_permission` VALUES (41, 6, 16);
INSERT INTO `role_permission` VALUES (42, 6, 17);
INSERT INTO `role_permission` VALUES (43, 6, 18);
INSERT INTO `role_permission` VALUES (44, 6, 19);
INSERT INTO `role_permission` VALUES (45, 1, 22);
INSERT INTO `role_permission` VALUES (46, 6, 15);
INSERT INTO `role_permission` VALUES (47, 6, 22);

-- ----------------------------
-- Table structure for user
-- ----------------------------
DROP TABLE IF EXISTS `user`;
CREATE TABLE `user`  (
  `id` int(11) NOT NULL AUTO_INCREMENT,
  `name` varchar(255) CHARACTER SET utf8 COLLATE utf8_general_ci NULL DEFAULT NULL,
  `password` varchar(255) CHARACTER SET utf8 COLLATE utf8_general_ci NULL DEFAULT NULL,
  `salt` varchar(255) CHARACTER SET utf8 COLLATE utf8_general_ci NULL DEFAULT NULL,
  PRIMARY KEY (`id`) USING BTREE
) ENGINE = InnoDB AUTO_INCREMENT = 9 CHARACTER SET = utf8 COLLATE = utf8_general_ci ROW_FORMAT = Dynamic;

-- ----------------------------
-- Records of user
-- ----------------------------
INSERT INTO `user` VALUES (8, '111', '65f19a57d1db644d1bbb2465af0cc2a6', 'Yif5UZfIPy++9jiDpqTVCA==');
INSERT INTO `user` VALUES (9, '222', '8b94805cece854d52668a1978962bd61', 'ko6YhflaA2+mAHK45839PQ==');

-- ----------------------------
-- Table structure for user_role
-- ----------------------------
DROP TABLE IF EXISTS `user_role`;
CREATE TABLE `user_role`  (
  `id` int(11) NOT NULL AUTO_INCREMENT,
  `uid` int(11) NULL DEFAULT NULL,
  `rid` int(11) NULL DEFAULT NULL,
  PRIMARY KEY (`id`) USING BTREE
) ENGINE = InnoDB AUTO_INCREMENT = 5 CHARACTER SET = utf8mb4 COLLATE = utf8mb4_general_ci ROW_FORMAT = Dynamic;

-- ----------------------------
-- Records of user_role
-- ----------------------------
INSERT INTO `user_role` VALUES (3, 8, 5);
INSERT INTO `user_role` VALUES (4, 8, 6);
INSERT INTO `user_role` VALUES (5, 8, 2);

SET FOREIGN_KEY_CHECKS = 1;
